hostel_name,hostel_link,city,price,distance,summary_score,rating_band,value_for_money,security,location,staff,atmosphere,cleanliness,facilities,Free,General,Services,Food & Drink,Entertainment,latitude,longitude,free_breakfast,free_parking,free_cityMaps,free_wifi,free_cityTour,free_linen,free_internetAccess,free_towel,free_airportTransfer,general_outdoorTerrace,general_washingMachine,general_cardPhones,general_iron,general_hairDryers,general_utensils,general_meetingRoom,general_commonRoom,general_readingLight,general_cableTV,general_airConditioning,general_jobBoard,general_securityLocker,general_adaptor,general_elevator,general_covid19Guide,general_microwave,general_ceilingFan,general_wheelchairFriendly,general_flexibleNRR,general_bicycleParking,general_cooker,general_safeDepositBox,general_selfCateringFacilities,general_keyCardAccess,general_bookExchange,general_fridge,general_fitnessCentre,general_hotShower,general_dryer,general_parking,general_bbq,general_childPlayArea,general_dishwasher,general_hotTub,service_housekeeping,service_laundry,service_24HourSecurity,service_lateCheckOut,service_expressCheckIn,service_luggageStorage,service_reception,service_travelDesk,service_internetCafe,service_morningCall,service_currencyExchange,service_fax,service_24HourReception,service_postal,service_bicycleHire,service_internetAccess,service_beautySalon,foodDrink_teaCoffeeMaking,foodDrink_cafe,foodDrink_bar,foodDrink_restaurant,foodDrink_Meal,foodDrink_vendingMachine,entertainment_gameRoom,entertainment_poolTable,entertainment_foosball,entertainment_DVD,entertainment_playStation,entertainment_boardGame,entertainment_wii,entertainment_wifi
Nui. Hostel & Bar Lounge,https://www.hostelworld.com/hosteldetails.php/Nui-Hostel-and-Bar-Lounge/Tokyo/67481,Tokyo,20.51,9.3,9.8,Superb,10,9.6,9.6,10,10,10,9.6,"['Free City Maps', 'Free Internet Access', 'Free WiFi', 'Linen Included']","['Adaptors', 'Air Conditioning', 'Bicycle Parking', 'Breakfast Not Included', 'Common Room', 'Dryer', 'Elevator', 'Flexible NRR', 'Follows Covid-19 sanitation guidance', 'Fridge/Freezer', 'Hair Dryers', 'Hot Showers', 'Iron / Ironing Board', 'Meeting Rooms', 'Microwave', 'Reading Light', 'Security Lockers', 'Self-Catering Facilities', 'Washing Machine']","['Bicycle Hire', 'Housekeeping', 'Internet Access', 'Laundry Facilities', 'Luggage Storage', 'Reception (limited hours)', 'Towels for hire']","['Bar', 'Cafe', 'Meals Available', 'Restaurant', 'Tea & Coffee Making Facilities']","['Board Games', 'Wi-Fi']",35.70388,139.79337,no,no,yes,yes,no,yes,yes,no,no,no,yes,no,yes,no,no,yes,yes,yes,no,yes,no,yes,yes,yes,yes,yes,no,no,yes,yes,no,no,yes,no,no,yes,no,yes,yes,no,no,no,no,no,yes,yes,no,no,no,yes,yes,no,no,no,no,no,no,no,yes,yes,no,yes,no,yes,yes,yes,no,no,no,no,no,no,yes,no,yes
Grids Tokyo Ueno Hotel & Hostel,https://www.hostelworld.com/hosteldetails.php/Grids-Tokyo-Ueno-Hotel-and-Hostel/Tokyo/299842,Tokyo,24.61,8.4,9.6,Superb,10,10,9,9,9,10,10,,"['Air Conditioning', 'Elevator', 'Follows Covid-19 sanitation guidance', 'Fridge/Freezer', 'Hair Dryers', 'Hot Showers', 'Microwave', 'Reading Light', 'Self-Catering Facilities', 'Towels Not Included', 'Washing Machine']","['Internet Access', 'Laundry Facilities', 'Towels for hire']",,['Wi-Fi'],35.71529,139.77929,no,no,no,no,no,no,no,no,no,no,yes,no,no,no,no,no,no,yes,no,yes,no,no,no,yes,yes,yes,no,no,no,no,no,no,yes,no,no,yes,no,yes,no,no,no,no,no,no,no,yes,no,no,no,no,no,no,no,no,no,no,no,no,no,yes,no,no,no,no,no,no,no,no,no,no,no,no,no,no,yes
UNPLAN Shinjuku (COVID-19 Vaccinated Guests Only),https://www.hostelworld.com/hosteldetails.php/UNPLAN-Shinjuku-COVID-19-Vaccinated-Guests-Only/Tokyo/294428,Tokyo,14.77,1.8,9.1,Superb,10,10,10,8,8,9.2,8.4,"['Free Breakfast', 'Free City Maps', 'Free Internet Access', 'Free WiFi', 'Linen Included']","['Adaptors', 'Air Conditioning', 'Bicycle Parking', 'Book Exchange', 'Cable TV', 'Ceiling Fan', 'Common Room', 'Cooker', 'Dishwasher', 'Dryer', 'Elevator', 'Follows Covid-19 sanitation guidance', 'Fridge/Freezer', 'Hair Dryers', 'Hot Showers', 'Iron / Ironing Board', 'Meeting Rooms', 'Microwave', 'Outdoor Terrace', 'Reading Light', 'Safe Deposit Box', 'Security Lockers', 'Utensils', 'Washing Machine']","['24 Hour Security', 'Bicycle Hire', 'Internet Access', 'Laundry Facilities', 'Luggage Storage', 'Reception (limited hours)', 'Towels for hire']","['Bar', 'Cafe', 'Meals Available', 'Restaurant', 'Tea & Coffee Making Facilities']","['Board Games', 'PlayStation', 'Wi-Fi', 'Wii']",35.6931,139.71089,yes,no,yes,yes,no,yes,yes,no,no,yes,yes,no,yes,no,yes,yes,yes,yes,yes,yes,no,yes,yes,yes,yes,yes,yes,no,no,yes,yes,yes,no,no,yes,yes,no,yes,yes,no,no,no,yes,no,no,yes,yes,no,no,yes,yes,no,no,no,no,no,no,no,yes,yes,no,yes,no,yes,yes,yes,no,no,no,no,no,yes,yes,yes,yes
Toco Tokyo Heritage Hostel,https://www.hostelworld.com/hosteldetails.php/Toco-Tokyo-Heritage-Hostel/Tokyo/46418,Tokyo,24.61,9.1,9.8,Superb,10,9,9.5,10,10,10,10,"['Free City Maps', 'Free Internet Access', 'Free WiFi', 'Linen Included']","['Adaptors', 'Air Conditioning', 'Bicycle Parking', 'Common Room', 'Flexible NRR', 'Follows Covid-19 sanitation guidance', 'Hair Dryers', 'Hair Dryers For Hire', 'Hot Showers', 'Meeting Rooms', 'Reading Light', 'Security Lockers', 'Self-Catering Facilities', 'Washing Machine']","['Bicycle Hire', 'Housekeeping', 'Internet Access', 'Laundry Facilities', 'Luggage Storage', 'Towels for hire']","['Bar', 'Cafe', 'Tea & Coffee Making Facilities']",,35.72204,139.78392,no,no,yes,yes,no,yes,yes,no,no,no,yes,no,no,yes,no,yes,yes,yes,no,yes,no,yes,yes,no,yes,no,no,no,yes,yes,no,no,yes,no,no,no,no,yes,no,no,no,no,no,no,yes,yes,no,no,no,yes,no,no,no,no,no,no,no,no,yes,yes,no,yes,no,yes,no,no,no,no,no,no,no,no,no,no,no
UNPLAN Kagurazaka,https://www.hostelworld.com/hosteldetails.php/UNPLAN-Kagurazaka/Tokyo/265421,Tokyo,26.25,4,10,Superb,10,10,10,10,10,10,10,"['Free City Maps', 'Free Internet Access', 'Free WiFi', 'Linen Included']","['Adaptors', 'Air Conditioning', 'Bicycle Parking', 'Book Exchange', 'Cable TV', 'Card Phones', 'Common Room', 'Cooker', 'Dryer', 'Elevator', 'Follows Covid-19 sanitation guidance', 'Fridge/Freezer', 'Hair Dryers', 'Hot Showers', 'Hot Tub', 'Iron / Ironing Board', 'Microwave', 'Outdoor Terrace', 'Parking', 'Reading Light', 'Safe Deposit Box', 'Self-Catering Facilities', 'Utensils', 'Washing Machine']","['24 Hour Security', 'Bicycle Hire', 'Internet Access', 'Late check-out', 'Laundry Facilities', 'Luggage Storage', 'Reception (limited hours)', 'Tours/Travel Desk', 'Towels for hire']","['Bar', 'Cafe', 'Meals Available', 'Restaurant', 'Tea & Coffee Making Facilities']","['Board Games', 'Wi-Fi']",35.70504,139.73143,no,no,yes,yes,no,yes,yes,no,no,yes,yes,yes,yes,no,yes,no,yes,yes,yes,yes,no,no,yes,yes,yes,yes,no,no,no,yes,yes,yes,yes,no,yes,yes,no,yes,yes,yes,no,no,no,yes,no,yes,yes,yes,no,yes,yes,yes,no,no,no,no,no,no,yes,yes,no,yes,no,yes,yes,yes,no,no,no,no,no,no,yes,no,yes
Sakura Hostel Asakusa,https://www.hostelworld.com/hosteldetails.php/Sakura-Hostel-Asakusa/Tokyo/15725,Tokyo,19.69,9.8,7.7,Very good,8,8,10,10,10,4,4,"['Free Breakfast', 'Free City Maps', 'Free Internet Access', 'Free WiFi', 'Linen Included']","['Adaptors', 'Air Conditioning', 'Bicycle Parking', 'Book Exchange', 'Cable TV', 'Card Phones', 'Ceiling Fan', 'Common Room', 'Dryer', 'Elevator', 'Flexible NRR', 'Fridge/Freezer', 'Hair Dryers', 'Hair Dryers For Hire', 'Hot Showers', 'Iron / Ironing Board', 'Key Card Access', 'Microwave', 'Outdoor Terrace', 'Parking', 'Reading Light', 'Security Lockers', 'Self-Catering Facilities', 'Utensils', 'Washing Machine']","['24 Hour Reception', '24 Hour Security', 'Fax Service', 'Housekeeping', 'Internet Access', 'Late check-out', 'Laundry Facilities', 'Luggage Storage', 'Postal Service', 'Reception (limited hours)', 'Tours/Travel Desk', 'Towels for hire']","['Bar', 'Cafe', 'Meals Available', 'Tea & Coffee Making Facilities', 'Vending Machines']","[""DVD's"", 'PlayStation', 'Wi-Fi']",35.7147,139.79678,yes,no,yes,yes,no,yes,yes,no,no,yes,yes,yes,yes,yes,yes,no,yes,yes,yes,yes,no,yes,yes,yes,no,yes,yes,no,yes,yes,no,no,yes,yes,yes,yes,no,yes,yes,yes,no,no,no,no,yes,yes,yes,yes,no,yes,yes,yes,no,no,no,yes,yes,yes,no,yes,no,yes,no,yes,no,yes,yes,no,no,no,yes,yes,no,no,yes
Khaosan Tokyo Kabuki,https://www.hostelworld.com/hosteldetails.php/Khaosan-Tokyo-Kabuki/Tokyo/47084,Tokyo,24.61,9.7,9.4,Superb,10,9,10,9,9,10,9,"['Free City Maps', 'Free Internet Access', 'Free WiFi', 'Linen Included', 'Towels Included']","['Adaptors', 'Air Conditioning', 'Book Exchange', 'Breakfast Not Included', 'Cable TV', 'Common Room', 'Dryer', 'Elevator', 'Flexible NRR', 'Follows Covid-19 sanitation guidance', 'Fridge/Freezer', 'Hair Dryers', 'Hot Showers', 'Iron / Ironing Board', 'Jobs Board', 'Outdoor Terrace', 'Reading Light', 'Security Lockers', 'Self-Catering Facilities', 'Washing Machine']","['24 Hour Security', 'Internet Access', 'Laundry Facilities', 'Luggage Storage', 'Towels for hire']","['Tea & Coffee Making Facilities', 'Vending Machines']","['Board Games', ""DVD's"", 'PlayStation', 'Wi-Fi']",35.71146,139.79524,no,no,yes,yes,no,yes,yes,yes,no,yes,yes,no,yes,no,no,no,yes,yes,yes,yes,yes,yes,yes,yes,yes,no,no,no,yes,no,no,no,yes,no,yes,yes,no,yes,yes,no,no,no,no,no,no,yes,yes,no,no,yes,no,no,no,no,no,no,no,no,no,yes,no,yes,no,no,no,no,yes,no,no,no,yes,yes,yes,no,yes
plat hostel keikyu haneda home,https://www.hostelworld.com/hosteldetails.php/plat-hostel-keikyu-haneda-home/Tokyo/304903,Tokyo,13.13,16.6,9.3,Superb,9.7,8.9,9.4,9.4,9.1,9.1,9.4,"['Free City Maps', 'Free WiFi', 'Linen Included']","['Air Conditioning', 'Breakfast Not Included', 'Common Room', 'Dryer', 'Elevator', 'Fridge/Freezer', 'Hair Dryers', 'Hot Showers', 'Microwave', 'Outdoor Terrace', 'Reading Light', 'Utensils', 'Washing Machine']","['24 Hour Security', 'Bicycle Hire', 'Laundry Facilities', 'Luggage Storage', 'Reception (limited hours)', 'Towels for hire']",['Tea & Coffee Making Facilities'],"['Board Games', 'Wi-Fi']",35.54788,139.74885,no,no,yes,yes,no,yes,no,no,no,yes,yes,no,no,no,yes,no,yes,yes,no,yes,no,no,no,yes,no,yes,no,no,no,no,no,no,no,no,no,yes,no,yes,yes,no,no,no,no,no,no,yes,yes,no,no,yes,yes,no,no,no,no,no,no,no,yes,no,no,yes,no,no,no,no,no,no,no,no,no,no,yes,no,yes
CITAN Hostel,https://www.hostelworld.com/hosteldetails.php/CITAN-Hostel/Tokyo/274237,Tokyo,20.51,8.1,7.9,Very good,8,8,9.5,7.5,7.5,7.5,7,"['Free City Maps', 'Free Internet Access', 'Free WiFi', 'Linen Included']","['Air Conditioning', 'Breakfast Not Included', 'Common Room', 'Cooker', 'Dryer', 'Elevator', 'Flexible NRR', 'Follows Covid-19 sanitation guidance', 'Fridge/Freezer', 'Hair Dryers', 'Hot Showers', 'Iron / Ironing Board', 'Microwave', 'Outdoor Terrace', 'Reading Light', 'Security Lockers', 'Washing Machine']","['Bicycle Hire', 'Housekeeping', 'Internet Access', 'Laundry Facilities', 'Luggage Storage', 'Reception (limited hours)', 'Towels for hire']","['Bar', 'Cafe', 'Meals Available', 'Restaurant', 'Tea & Coffee Making Facilities']",['Wi-Fi'],35.69181,139.77975,no,no,yes,yes,no,yes,yes,no,no,yes,yes,no,yes,no,no,no,yes,yes,no,yes,no,yes,no,yes,yes,yes,no,no,yes,no,yes,no,no,no,no,yes,no,yes,yes,no,no,no,no,no,yes,yes,no,no,no,yes,yes,no,no,no,no,no,no,no,yes,yes,no,yes,no,yes,yes,yes,no,no,no,no,no,no,no,no,yes
Imano Tokyo Hostel,https://www.hostelworld.com/hosteldetails.php/Imano-Tokyo-Hostel/Tokyo/100620,Tokyo,27.07,1.5,9.1,Superb,10,10,10,9,7,9,9,"['Free City Maps', 'Free Internet Access', 'Free WiFi', 'Linen Included']","['Air Conditioning', 'Breakfast Not Included', 'Common Room', 'Elevator', 'Follows Covid-19 sanitation guidance', 'Hair Dryers', 'Hot Showers', 'Hot Tub', 'Microwave', 'Reading Light', 'Safe Deposit Box', 'Towels Not Included', 'Washing Machine']","['24 Hour Reception', 'Housekeeping', 'Internet Access', 'Laundry Facilities', 'Luggage Storage', 'Towels for hire']","['Bar', 'Cafe', 'Restaurant']",,35.69358,139.70777,no,no,yes,yes,no,yes,yes,no,no,no,yes,no,no,no,no,no,yes,yes,no,yes,no,no,no,yes,yes,yes,no,no,no,no,no,yes,no,no,no,no,no,yes,no,no,no,no,no,yes,yes,yes,no,no,no,yes,no,no,no,no,no,no,yes,no,no,yes,no,no,no,yes,yes,no,no,no,no,no,no,no,no,no,no
"Wild Cherry Blossom-HOSTEL,TOKYO KOGANEI-",https://www.hostelworld.com/hosteldetails.php/Wild-Cherry-Blossom-HOSTEL-TOKYO-KOGANEI-/Tokyo/305899,Tokyo,36.1,16.6,9.6,Superb,9.6,9.6,8.8,10,10,10,9.6,"['Free WiFi', 'Linen Included', 'Towels Included']","['Air Conditioning', 'Breakfast Not Included', 'Cooker', 'Dryer', 'Elevator', 'Fridge/Freezer', 'Key Card Access', 'Microwave', 'Reading Light', 'Security Lockers', 'Washing Machine']","['24 Hour Security', 'Laundry Facilities', 'Reception (limited hours)']",['Vending Machines'],['Wi-Fi'],35.69808,139.50768,no,no,no,yes,no,yes,no,yes,no,no,yes,no,no,no,no,no,no,yes,no,yes,no,yes,no,yes,no,yes,no,no,no,no,yes,no,no,yes,no,yes,no,no,yes,no,no,no,no,no,no,yes,yes,no,no,no,yes,no,no,no,no,no,no,no,no,no,no,no,no,no,no,no,yes,no,no,no,no,no,no,no,yes
Khaosan World Asakusa RYOKAN & HOSTEL,https://www.hostelworld.com/hosteldetails.php/Khaosan-World-Asakusa-RYOKAN-and-HOSTEL/Tokyo/79505,Tokyo,20.51,9.5,9.1,Superb,9,10,10,10,8,9,8,"['Free City Maps', 'Free Internet Access', 'Free WiFi', 'Linen Included']","['Adaptors', 'Air Conditioning', 'Breakfast Not Included', 'Common Room', 'Dryer', 'Elevator', 'Follows Covid-19 sanitation guidance', 'Hair Dryers', 'Hot Showers', 'Microwave', 'Reading Light', 'Security Lockers', 'Self-Catering Facilities', 'Washing Machine']","['24 Hour Security', 'Laundry Facilities', 'Luggage Storage', 'Towels for hire']",['Vending Machines'],"['Board Games', 'Wi-Fi']",35.71463,139.79178,no,no,yes,yes,no,yes,yes,no,no,no,yes,no,no,no,no,no,yes,yes,no,yes,no,yes,yes,yes,yes,yes,no,no,no,no,no,no,yes,no,no,no,no,yes,yes,no,no,no,no,no,no,yes,yes,no,no,yes,no,no,no,no,no,no,no,no,no,no,no,no,no,no,no,no,yes,no,no,no,no,no,yes,no,yes
Khaosan Tokyo Origami,https://www.hostelworld.com/hosteldetails.php/Khaosan-Tokyo-Origami/Tokyo/88794,Tokyo,20.51,10,9.3,Superb,9.3,9.3,9.3,9.3,9.3,9.3,9.3,"['Free City Maps', 'Free Internet Access', 'Free WiFi', 'Linen Included']","['Air Conditioning', 'Breakfast Not Included', 'Cable TV', 'Ceiling Fan', 'Common Room', 'Dryer', 'Elevator', 'Follows Covid-19 sanitation guidance', 'Fridge/Freezer', 'Hair Dryers', 'Hot Showers', 'Iron / Ironing Board', 'Microwave', 'Reading Light', 'Safe Deposit Box', 'Security Lockers', 'Self-Catering Facilities', 'Utensils', 'Washing Machine']","['24 Hour Security', 'Internet Access', 'Laundry Facilities', 'Luggage Storage', 'Reception (limited hours)', 'Towels for hire']",['Tea & Coffee Making Facilities'],"['Board Games', 'Wi-Fi']",35.7147,139.79678,no,no,yes,yes,no,yes,yes,no,no,no,yes,no,yes,no,yes,no,yes,yes,yes,yes,no,yes,no,yes,yes,yes,yes,no,no,no,no,yes,yes,no,no,yes,no,yes,yes,no,no,no,no,no,no,yes,yes,no,no,yes,yes,no,no,no,no,no,no,no,no,yes,no,yes,no,no,no,no,no,no,no,no,no,no,yes,no,yes
Focus Kuramae,https://www.hostelworld.com/hosteldetails.php/Focus-Kuramae/Tokyo/294343,Tokyo,15.79,9,8.2,Fabulous,8.8,8,8,8,8,8.4,8,"['Free City Maps', 'Free WiFi']","['Air Conditioning', 'Common Room', 'Dryer', 'Elevator', 'Fridge/Freezer', 'Hair Dryers', 'Hot Showers', 'Microwave', 'Reading Light', 'Towels Not Included', 'Utensils', 'Washing Machine']","['Internet Access', 'Laundry Facilities', 'Reception (limited hours)']","['Bar', 'Cafe']",['Wi-Fi'],35.70476,139.78996,no,no,yes,yes,no,no,no,no,no,no,yes,no,no,no,yes,no,yes,yes,no,yes,no,no,no,yes,no,yes,no,no,no,no,no,no,no,no,no,yes,no,yes,yes,no,no,no,no,no,no,yes,no,no,no,no,yes,no,no,no,no,no,no,no,no,yes,no,no,no,yes,no,no,no,no,no,no,no,no,no,no,yes
Imano Tokyo Ginza Hostel,https://www.hostelworld.com/hosteldetails.php/Imano-Tokyo-Ginza-Hostel/Tokyo/279367,Tokyo,25.43,7.6,9.1,Superb,10,10,8,9,8,10,9,"['Free City Maps', 'Free Internet Access', 'Free WiFi', 'Linen Included']","['Adaptors', 'Air Conditioning', 'Card Phones', 'Elevator', 'Follows Covid-19 sanitation guidance', 'Hot Showers', 'Meeting Rooms', 'Reading Light', 'Safe Deposit Box', 'Washing Machine']","['24 Hour Reception', '24 Hour Security', 'Bicycle Hire', 'Housekeeping', 'Internet Access', 'Late check-out', 'Laundry Facilities', 'Luggage Storage', 'Reception (limited hours)', 'Towels for hire']","['Bar', 'Cafe']",['Wi-Fi'],35.6723,139.7729,no,no,yes,yes,no,yes,yes,no,no,no,yes,yes,no,no,no,yes,no,yes,no,yes,no,no,yes,yes,yes,no,no,no,no,no,no,yes,no,no,no,no,no,yes,no,no,no,no,no,no,yes,yes,yes,yes,no,yes,yes,no,no,no,no,no,yes,no,yes,yes,no,no,no,yes,no,no,no,no,no,no,no,no,no,no,yes
The Millennials Shibuya,https://www.hostelworld.com/hosteldetails.php/The-Millennials-Shibuya/Tokyo/285601,Tokyo,45.12,3.1,10,Superb,10,10,10,10,10,10,10,"['Free Breakfast', 'Free Internet Access', 'Free WiFi', 'Linen Included', 'Towels Included']","['Adaptors', 'Air Conditioning', 'Dryer', 'Elevator', 'Fridge/Freezer', 'Hair Dryers', 'Hot Showers', 'Iron / Ironing Board', 'Key Card Access', 'Meeting Rooms', 'Security Lockers']","['24 Hour Security', 'Housekeeping', 'Internet Access', 'Laundry Facilities', 'Luggage Storage', 'Reception (limited hours)']",['Tea & Coffee Making Facilities'],['Wi-Fi'],35.66222,139.69963,yes,no,no,yes,no,yes,yes,yes,no,no,no,no,yes,no,no,yes,no,no,no,yes,no,yes,yes,yes,no,no,no,no,no,no,no,no,no,yes,no,yes,no,yes,yes,no,no,no,no,no,yes,yes,yes,no,no,yes,yes,no,no,no,no,no,no,no,no,yes,no,yes,no,no,no,no,no,no,no,no,no,no,no,no,yes
Obi Hostel,https://www.hostelworld.com/hosteldetails.php/Obi-Hostel/Tokyo/274874,Tokyo,16.41,8.2,7.9,Very good,8,8,8,9,7,8,7,"['Free WiFi', 'Towels Included']","['Adaptors', 'Air Conditioning', 'Breakfast Not Included', 'Common Room', 'Dryer', 'Elevator', 'Fitness Centre', 'Hair Dryers For Hire', 'Hot Showers', 'Iron / Ironing Board', 'Security Lockers', 'Utensils', 'Washing Machine']","['Bicycle Hire', 'Internet Access', 'Late check-out', 'Laundry Facilities', 'Postal Service', 'Reception (limited hours)', 'Towels for hire']","['Bar', 'Cafe', 'Meals Available', 'Restaurant']",['Wi-Fi'],35.6927,139.78284,no,no,no,yes,no,no,no,yes,no,no,yes,no,yes,yes,yes,no,yes,no,no,yes,no,yes,yes,yes,no,no,no,no,no,no,no,no,no,no,no,no,yes,yes,yes,no,no,no,no,no,no,yes,no,yes,no,no,yes,no,no,no,no,no,no,yes,yes,yes,no,no,no,yes,yes,yes,no,no,no,no,no,no,no,no,yes
Time Sharing Stay Asakusa,https://www.hostelworld.com/hosteldetails.php/Time-Sharing-Stay-Asakusa/Tokyo/307387,Tokyo,13.13,9.8,10,Superb,10,10,10,10,10,10,10,"['Free Internet Access', 'Free WiFi']","['Adaptors', 'Air Conditioning', 'Breakfast Not Included', 'Cooker', 'Dryer', 'Hair Dryers', 'Hot Showers', 'Security Lockers']","['Bicycle Hire', 'Internet Access', 'Luggage Storage', 'Reception (limited hours)']",['Tea & Coffee Making Facilities'],['Wi-Fi'],35.71435,139.79189,no,no,no,yes,no,no,yes,no,no,no,no,no,no,no,no,no,no,no,no,yes,no,yes,yes,no,no,no,no,no,no,no,yes,no,no,no,no,no,no,yes,yes,no,no,no,no,no,no,no,no,no,no,yes,yes,no,no,no,no,no,no,no,yes,yes,no,yes,no,no,no,no,no,no,no,no,no,no,no,no,yes
Almond hostel & cafe Shibuya,https://www.hostelworld.com/hosteldetails.php/Almond-hostel-and-cafe-Shibuya/Tokyo/278423,Tokyo,1.64,2.2,8.6,Fabulous,8.7,8.7,10,8.7,7.3,8,8.7,"['Free City Maps', 'Free WiFi', 'Linen Included']","['Air Conditioning', 'Breakfast Not Included', 'Ceiling Fan', 'Common Room', 'Dryer', 'Follows Covid-19 sanitation guidance', 'Hair Dryers', 'Hot Showers', 'Iron / Ironing Board', 'Microwave', 'Towels Not Included', 'Washing Machine']","['24 Hour Security', 'Housekeeping', 'Late check-out', 'Laundry Facilities', 'Luggage Storage', 'Postal Service', 'Reception (limited hours)']","['Bar', 'Cafe']",['Wi-Fi'],35.66997,139.68751,no,no,yes,yes,no,yes,no,no,no,no,yes,no,yes,no,no,no,yes,no,no,yes,no,no,no,no,yes,yes,yes,no,no,no,no,no,no,no,no,no,no,yes,yes,no,no,no,no,no,yes,yes,yes,yes,no,yes,yes,no,no,no,no,no,no,yes,no,no,no,no,no,yes,no,no,no,no,no,no,no,no,no,no,yes
The Wardrobe Hostel Forest Shimokitazawa,https://www.hostelworld.com/hosteldetails.php/The-Wardrobe-Hostel-Forest-Shimokitazawa/Tokyo/296731,Tokyo,22.97,3.8,9.1,Superb,10,10,10,6,10,10,8,"['Free Internet Access', 'Free WiFi']","['Air Conditioning', 'Breakfast Not Included', 'Common Room', 'Hair Dryers', 'Hot Showers']",,,['Wi-Fi'],35.66099,139.66819,no,no,no,yes,no,no,yes,no,no,no,no,no,no,no,no,no,yes,no,no,yes,no,no,no,no,no,no,no,no,no,no,no,no,no,no,no,no,no,yes,no,no,no,no,no,no,no,no,no,no,no,no,no,no,no,no,no,no,no,no,no,no,no,no,no,no,no,no,no,no,no,no,no,no,no,no,yes
Sakura Hotel Jimbocho,https://www.hostelworld.com/hosteldetails.php/Sakura-Hotel-Jimbocho/Tokyo/4662,Tokyo,17.64,5.9,9.4,Superb,10,9,10,10,9,9,9,"['Free Breakfast', 'Free City Maps', 'Free Internet Access', 'Free WiFi', 'Linen Included']","['Adaptors', 'Air Conditioning', 'Bicycle Parking', 'Card Phones', 'Dryer', 'Elevator', 'Flexible NRR', 'Hair Dryers', 'Hot Showers', 'Iron / Ironing Board', 'Key Card Access', 'Outdoor Terrace', 'Towels Not Included']","['24 Hour Reception', '24 Hour Security', 'Fax Service', 'Internet Access', 'Internet café', 'Late check-out', 'Laundry Facilities', 'Luggage Storage', 'Postal Service', 'Reception (limited hours)', 'Tours/Travel Desk', 'Towels for hire', 'Wake-up calls']","['Bar', 'Cafe', 'Meals Available', 'Restaurant', 'Tea & Coffee Making Facilities', 'Vending Machines']",['Wi-Fi'],35.69496,139.75643,yes,no,yes,yes,no,yes,yes,no,no,yes,no,yes,yes,no,no,no,no,no,no,yes,no,no,yes,yes,no,no,no,no,yes,yes,no,no,no,yes,no,no,no,yes,yes,no,no,no,no,no,no,yes,yes,yes,no,yes,yes,yes,yes,yes,no,yes,yes,yes,no,yes,no,yes,no,yes,yes,yes,yes,no,no,no,no,no,no,no,yes
&And Hostel Akihabara,https://www.hostelworld.com/hosteldetails.php/-and-And-Hostel-Akihabara/Tokyo/283418,Tokyo,15.18,7.8,8.5,Fabulous,9.5,9.5,10,8.5,7.5,7,7.5,"['Free WiFi', 'Linen Included']","['Air Conditioning', 'Breakfast Not Included', 'Common Room', 'Cooker', 'Elevator', 'Fridge/Freezer', 'Hair Dryers', 'Hot Showers', 'Microwave', 'Reading Light', 'Safe Deposit Box', 'Self-Catering Facilities', 'Towels Not Included']","['Housekeeping', 'Reception (limited hours)', 'Towels for hire']",,['Wi-Fi'],35.69732,139.77971,no,no,no,yes,no,yes,no,no,no,no,no,no,no,no,no,no,yes,yes,no,yes,no,no,no,yes,no,yes,no,no,no,no,yes,yes,yes,no,no,yes,no,yes,no,no,no,no,no,no,yes,no,no,no,no,no,yes,no,no,no,no,no,no,no,no,no,no,no,no,no,no,no,no,no,no,no,no,no,no,no,yes
Khaosan World Ryogoku Hostel,https://www.hostelworld.com/hosteldetails.php/Khaosan-World-Ryogoku-Hostel/Tokyo/275477,Tokyo,18.87,9.5,9.9,Superb,10,9,10,10,10,10,10,"['Free City Maps', 'Free Internet Access', 'Free WiFi']","['Air Conditioning', 'Breakfast Not Included', 'Common Room', 'Dryer', 'Elevator', 'Follows Covid-19 sanitation guidance', 'Fridge/Freezer', 'Hair Dryers', 'Hot Showers', 'Microwave', 'Security Lockers', 'Towels Not Included', 'Washing Machine']","['Internet Access', 'Laundry Facilities', 'Luggage Storage', 'Reception (limited hours)', 'Towels for hire']",['Tea & Coffee Making Facilities'],['Wi-Fi'],35.69428,139.79676,no,no,yes,yes,no,no,yes,no,no,no,yes,no,no,no,no,no,yes,no,no,yes,no,yes,no,yes,yes,yes,no,no,no,no,no,no,no,no,no,yes,no,yes,yes,no,no,no,no,no,no,yes,no,no,no,yes,yes,no,no,no,no,no,no,no,no,yes,no,yes,no,no,no,no,no,no,no,no,no,no,no,no,yes
Sakura Hotel Ikebukuro,https://www.hostelworld.com/hosteldetails.php/Sakura-Hotel-Ikebukuro/Tokyo/22747,Tokyo,19.2,5.1,8.3,Fabulous,10,8,8,8,8,8,8,"['Free City Maps', 'Free Internet Access', 'Free WiFi', 'Linen Included']","['Air Conditioning', 'Breakfast Not Included', 'Cable TV', 'Common Room', 'Elevator', 'Hair Dryers For Hire', 'Reading Light', 'Self-Catering Facilities', 'Washing Machine']","['24 Hour Reception', '24 Hour Security', 'Fax Service', 'Internet Access', 'Luggage Storage', 'Towels for hire']","['Bar', 'Cafe', 'Meals Available', 'Vending Machines']",,35.73355,139.70885,no,no,yes,yes,no,yes,yes,no,no,no,yes,no,no,yes,no,no,yes,yes,yes,yes,no,no,no,yes,no,no,no,no,no,no,no,no,yes,no,no,no,no,no,no,no,no,no,no,no,no,no,yes,no,no,yes,no,no,no,no,no,yes,yes,no,no,yes,no,no,no,yes,no,yes,yes,no,no,no,no,no,no,no,no
Khaosan Tokyo Laboratory,https://www.hostelworld.com/hosteldetails.php/Khaosan-Tokyo-Laboratory/Tokyo/74311,Tokyo,21.33,9.3,7.7,Very good,10,8,10,4,6,8,8,"['Free City Maps', 'Free Internet Access', 'Free WiFi', 'Linen Included']","['Adaptors', 'Air Conditioning', 'Book Exchange', 'Breakfast Not Included', 'Common Room', 'Dryer', 'Elevator', 'Follows Covid-19 sanitation guidance', 'Fridge/Freezer', 'Hair Dryers', 'Hair Dryers For Hire', 'Hot Showers', 'Microwave', 'Outdoor Terrace', 'Reading Light', 'Safe Deposit Box', 'Security Lockers', 'Self-Catering Facilities', 'Utensils', 'Washing Machine']","['24 Hour Security', 'Internet Access', 'Laundry Facilities', 'Luggage Storage', 'Towels for hire']",['Tea & Coffee Making Facilities'],"['Board Games', 'PlayStation', 'Wi-Fi']",35.71183,139.79129,no,no,yes,yes,no,yes,yes,no,no,yes,yes,no,no,yes,yes,no,yes,yes,no,yes,no,yes,yes,yes,yes,yes,no,no,no,no,no,yes,yes,no,yes,yes,no,yes,yes,no,no,no,no,no,no,yes,yes,no,no,yes,no,no,no,no,no,no,no,no,no,yes,no,yes,no,no,no,no,no,no,no,no,no,yes,yes,no,yes
TOKYO-W-INN Asakusa,https://www.hostelworld.com/hosteldetails.php/TOKYO-W-INN-Asakusa/Tokyo/295276,Tokyo,14.69,9.3,9.2,Superb,9.3,9.3,9.3,10,8.7,9.3,8.7,"['Free WiFi', 'Linen Included']","['Adaptors', 'Air Conditioning', 'Breakfast Not Included', 'Cable TV', 'Ceiling Fan', 'Common Room', 'Cooker', 'Dryer', 'Elevator', 'Fridge/Freezer', 'Hair Dryers', 'Hair Dryers For Hire', 'Hot Showers', 'Hot Tub', 'Microwave', 'Outdoor Terrace', 'Reading Light', 'Safe Deposit Box', 'Security Lockers', 'Self-Catering Facilities', 'Towels Not Included', 'Utensils', 'Washing Machine']","['24 Hour Reception', 'Express check-in / out', 'Laundry Facilities', 'Luggage Storage', 'Towels for hire']","['Bar', 'Restaurant', 'Tea & Coffee Making Facilities', 'Vending Machines']",['Wi-Fi'],35.70831,139.79229,no,no,no,yes,no,yes,no,no,no,yes,yes,no,no,yes,yes,no,yes,yes,yes,yes,no,yes,yes,yes,no,yes,yes,no,no,no,yes,yes,yes,no,no,yes,no,yes,yes,no,no,no,no,yes,no,yes,no,no,yes,yes,no,no,no,no,no,no,yes,no,no,no,no,yes,no,yes,yes,no,yes,no,no,no,no,no,no,no,yes
plat hostel keikyu minowa forest,https://www.hostelworld.com/hosteldetails.php/plat-hostel-keikyu-minowa-forest/Tokyo/300561,Tokyo,13.13,10,9.7,Superb,10,10,8,10,10,10,10,"['Free WiFi', 'Linen Included']","['Air Conditioning', 'Breakfast Not Included', 'Common Room', 'Cooker', 'Dryer', 'Elevator', 'Fridge/Freezer', 'Hair Dryers', 'Hair Dryers For Hire', 'Microwave', 'Self-Catering Facilities', 'Towels Not Included', 'Utensils', 'Washing Machine']","['Internet Access', 'Laundry Facilities', 'Luggage Storage', 'Reception (limited hours)']",['Tea & Coffee Making Facilities'],['Wi-Fi'],35.72618,139.79219,no,no,no,yes,no,yes,no,no,no,no,yes,no,no,yes,yes,no,yes,no,no,yes,no,no,no,yes,no,yes,no,no,no,no,yes,no,yes,no,no,yes,no,no,yes,no,no,no,no,no,no,yes,no,no,no,yes,yes,no,no,no,no,no,no,no,no,yes,no,yes,no,no,no,no,no,no,no,no,no,no,no,no,yes
Ryoma Ikebukuro I,https://www.hostelworld.com/hosteldetails.php/Ryoma-Ikebukuro-I/Tokyo/286220,Tokyo,23.63,5.5,9.1,Superb,10,10,8,10,8,10,8,"['Free Airport Transfer', 'Free Internet Access', 'Free WiFi']","['Air Conditioning', 'Breakfast Not Included', 'Card Phones', 'Cooker', 'Fridge/Freezer', 'Hair Dryers', 'Hair Dryers For Hire', 'Safe Deposit Box']","['Housekeeping', 'Internet Access', 'Late check-out', 'Reception (limited hours)']",['Tea & Coffee Making Facilities'],,35.72959,139.7154,no,no,no,yes,no,no,yes,no,yes,no,no,yes,no,yes,no,no,no,no,no,yes,no,no,no,no,no,no,no,no,no,no,yes,yes,no,no,no,yes,no,no,no,no,no,no,no,no,yes,no,no,yes,no,no,yes,no,no,no,no,no,no,no,no,yes,no,yes,no,no,no,no,no,no,no,no,no,no,no,no,no
Khaosan Tokyo Samurai,https://www.hostelworld.com/hosteldetails.php/Khaosan-Tokyo-Samurai/Tokyo/95634,Tokyo,20.51,9.5,8,Fabulous,8,4.7,8.7,9.3,9.3,7.3,8.7,"['Free City Maps', 'Free Internet Access', 'Free WiFi', 'Linen Included']","['Air Conditioning', 'Book Exchange', 'Breakfast Not Included', 'Cable TV', 'Common Room', 'Elevator', 'Follows Covid-19 sanitation guidance', 'Hair Dryers', 'Hair Dryers For Hire', 'Hot Showers', 'Microwave', 'Outdoor Terrace', 'Reading Light', 'Safe Deposit Box', 'Security Lockers', 'Self-Catering Facilities', 'Washing Machine']","['Internet Access', 'Laundry Facilities', 'Luggage Storage', 'Towels for hire']","['Tea & Coffee Making Facilities', 'Vending Machines']",,35.71485,139.79225,no,no,yes,yes,no,yes,yes,no,no,yes,yes,no,no,yes,no,no,yes,yes,yes,yes,no,yes,no,yes,yes,yes,no,no,no,no,no,yes,yes,no,yes,no,no,yes,no,no,no,no,no,no,no,yes,no,no,no,yes,no,no,no,no,no,no,no,no,no,yes,no,yes,no,no,no,no,yes,no,no,no,no,no,no,no,no
Guesthouse Fete,https://www.hostelworld.com/hosteldetails.php/Guesthouse-Fete/Tokyo/263266,Tokyo,18.87,3,8.9,Fabulous,10,8,8,10,10,8,8,"['Free City Maps', 'Free Internet Access', 'Free WiFi', 'Linen Included']","['Adaptors', 'Air Conditioning', 'BBQ', 'Breakfast Not Included', 'Common Room', 'Elevator', 'Hair Dryers', 'Hot Showers', 'Hot Tub', 'Key Card Access', 'Outdoor Terrace', 'Parking', 'Reading Light', 'Security Lockers', 'Self-Catering Facilities', 'Washing Machine']","['Fax Service', 'Housekeeping', 'Internet Access', 'Laundry Facilities', 'Luggage Storage', 'Reception (limited hours)', 'Towels for hire']","['Bar', 'Cafe', 'Meals Available', 'Tea & Coffee Making Facilities', 'Vending Machines']","['Foosball', 'Wi-Fi', 'Wii']",35.70146,139.7981,no,no,yes,yes,no,yes,yes,no,no,yes,yes,no,no,no,no,no,yes,yes,no,yes,no,yes,yes,yes,no,no,no,no,no,no,no,no,yes,yes,no,no,no,yes,no,yes,yes,no,no,yes,yes,yes,no,no,no,yes,yes,no,no,no,no,yes,no,no,no,yes,no,yes,no,yes,no,yes,yes,no,no,yes,no,no,no,yes,yes
Capsule Hotel Anshin Oyado Akihabara,https://www.hostelworld.com/hosteldetails.php/Capsule-Hotel-Anshin-Oyado-Akihabara/Tokyo/281075,Tokyo,46.97,7.2,8,Fabulous,6,8,10,10,8,8,6,"['Free Internet Access', 'Free WiFi']","['Air Conditioning', 'Breakfast Not Included', 'Elevator', 'Hair Dryers', 'Hot Tub', 'Linen Not Included', 'Outdoor Terrace']","['24 Hour Reception', 'Internet Access']",['Tea & Coffee Making Facilities'],,35.70342,139.77076,no,no,no,yes,no,no,yes,no,no,yes,no,no,no,no,no,no,no,no,no,yes,no,no,no,yes,no,no,no,no,no,no,no,no,no,no,no,no,no,no,no,no,no,no,no,yes,no,no,no,no,no,no,no,no,no,no,no,no,yes,no,no,yes,no,yes,no,no,no,no,no,no,no,no,no,no,no,no,no
Hotel Graphy Nezu,https://www.hostelworld.com/hosteldetails.php/Hotel-Graphy-Nezu/Tokyo/73386,Tokyo,14.77,7.6,10,Superb,10,10,10,10,10,10,10,"['Free City Maps', 'Free Internet Access', 'Free WiFi', 'Linen Included', 'Towels Included']","['Air Conditioning', 'Breakfast Not Included', 'Elevator', 'Hair Dryers', 'Outdoor Terrace', 'Reading Light']","['24 Hour Security', 'Beauty Salon', 'Bicycle Hire', 'Housekeeping', 'Internet Access', 'Laundry Facilities', 'Luggage Storage', 'Reception (limited hours)']","['Bar', 'Café', 'Restaurant', 'Tea & Coffee Making Facilities']",,35.71717,139.76857,no,no,yes,yes,no,yes,yes,yes,no,yes,no,no,no,no,no,no,no,yes,no,yes,no,no,no,yes,no,no,no,no,no,no,no,no,no,no,no,no,no,no,no,no,no,no,no,no,yes,yes,yes,no,no,yes,yes,no,no,no,no,no,no,no,yes,yes,yes,yes,yes,yes,yes,no,no,no,no,no,no,no,no,no,no
Khaosan Kyoto Guest House,https://www.hostelworld.com/hosteldetails.php/Khaosan-Kyoto-Guest-House/Kyoto/45698,Kyoto,16.41,1.1,9.9,Superb,10,10,10,10,10,9.3,10,"['Free City Maps', 'Free Internet Access', 'Free WiFi', 'Linen Included']","['Adaptors', 'Air Conditioning', 'Breakfast Not Included', 'Card Phones', 'Common Room', 'Cooker', 'Dryer', 'Elevator', 'Follows Covid-19 sanitation guidance', 'Fridge/Freezer', 'Hair Dryers', 'Hot Showers', 'Microwave', 'Outdoor Terrace', 'Reading Light', 'Security Lockers', 'Self-Catering Facilities', 'Towels Not Included', 'Washing Machine']","['Internet Access', 'Laundry Facilities', 'Luggage Storage', 'Reception (limited hours)', 'Towels for hire']","['Tea & Coffee Making Facilities', 'Vending Machines']","['Board Games', ""DVD's"", 'Wi-Fi', 'Wii']",35.00156,135.76688,no,no,yes,yes,no,yes,yes,no,no,yes,yes,yes,no,no,no,no,yes,yes,no,yes,no,yes,yes,yes,yes,yes,no,no,no,no,yes,no,yes,no,no,yes,no,yes,yes,no,no,no,no,no,no,yes,no,no,no,yes,yes,no,no,no,no,no,no,no,no,yes,no,yes,no,no,no,no,yes,no,no,no,yes,no,yes,yes,yes
The Millennials Kyoto,https://www.hostelworld.com/hosteldetails.php/The-Millennials-Kyoto/Kyoto/280003,Kyoto,31.5,0.5,9.8,Superb,10,9.6,10,10,9.2,10,10,"['Free Internet Access', 'Free WiFi', 'Linen Included', 'Towels Included']","['Adaptors', 'Air Conditioning', 'Bicycle Parking', 'Breakfast Not Included', 'Card Phones', 'Common Room', 'Cooker', 'Dryer', 'Elevator', 'Follows Covid-19 sanitation guidance', 'Fridge/Freezer', 'Hair Dryers', 'Hot Showers', 'Iron / Ironing Board', 'Meeting Rooms', 'Microwave', 'Safe Deposit Box', 'Utensils', 'Washing Machine']","['Bicycle Hire', 'Internet Access', 'Late check-out', 'Luggage Storage', 'Reception (limited hours)']",['Tea & Coffee Making Facilities'],"['Board Games', 'Wi-Fi']",35.0075,135.76883,no,no,no,yes,no,yes,yes,yes,no,no,yes,yes,yes,no,yes,yes,yes,no,no,yes,no,no,yes,yes,yes,yes,no,no,no,yes,yes,yes,no,no,no,yes,no,yes,yes,no,no,no,no,no,no,no,no,yes,no,yes,yes,no,no,no,no,no,no,no,yes,yes,no,yes,no,no,no,no,no,no,no,no,no,no,yes,no,yes
Len Kyoto,https://www.hostelworld.com/hosteldetails.php/Len-Kyoto/Kyoto/93521,Kyoto,20.51,1.4,9.5,Superb,9.7,9.3,9.3,9,9.3,10,10,"['Free City Maps', 'Free Internet Access', 'Free WiFi', 'Linen Included']","['Adaptors', 'Air Conditioning', 'Breakfast Not Included', 'Common Room', 'Elevator', 'Flexible NRR', 'Follows Covid-19 sanitation guidance', 'Hair Dryers', 'Hot Showers', 'Reading Light', 'Safe Deposit Box', 'Security Lockers']","['24 Hour Security', 'Internet Access', 'Luggage Storage', 'Towels for hire']","['Bar', 'Cafe', 'Meals Available', 'Restaurant']",,34.99871,135.76729,no,no,yes,yes,no,yes,yes,no,no,no,no,no,no,no,no,no,yes,yes,no,yes,no,yes,yes,yes,yes,no,no,no,yes,no,no,yes,no,no,no,no,no,yes,no,no,no,no,no,no,no,no,yes,no,no,yes,no,no,no,no,no,no,no,no,no,yes,no,no,no,yes,yes,yes,no,no,no,no,no,no,no,no,no
HARUYA Umekoji,https://www.hostelworld.com/hosteldetails.php/HARUYA-Umekoji/Kyoto/278295,Kyoto,16.41,3.1,10,Superb,10,10,10,10,10,10,10,"['Free Airport Transfer', 'Free Internet Access', 'Free WiFi']","['Adaptors', 'Card Phones', 'Hot Tub', 'Iron / Ironing Board', 'Reading Light']","['Bicycle Hire', 'Internet Access', 'Late check-out', 'Reception (limited hours)']",['Tea & Coffee Making Facilities'],,34.98843,135.74633,no,no,no,yes,no,no,yes,no,yes,no,no,yes,yes,no,no,no,no,yes,no,no,no,no,yes,no,no,no,no,no,no,no,no,no,no,no,no,no,no,no,no,no,no,no,no,yes,no,no,no,yes,no,no,yes,no,no,no,no,no,no,no,yes,yes,no,yes,no,no,no,no,no,no,no,no,no,no,no,no,no
Ryokan Hostel Gion,https://www.hostelworld.com/hosteldetails.php/Ryokan-Hostel-Gion/Kyoto/292201,Kyoto,22.15,0.8,9.9,Superb,10,10,10,10,9.3,10,10,"['Free City Maps', 'Free Internet Access', 'Free WiFi', 'Linen Included', 'Towels Included']","['Adaptors', 'Air Conditioning', 'Breakfast Not Included', 'Common Room', 'Cooker', 'Dryer', 'Elevator', 'Fridge/Freezer', 'Hair Dryers', 'Hot Showers', 'Hot Tub', 'Iron / Ironing Board', 'Key Card Access', 'Microwave', 'Outdoor Terrace', 'Reading Light', 'Safe Deposit Box', 'Security Lockers', 'Self-Catering Facilities', 'Utensils', 'Washing Machine']","['24 Hour Security', 'Bicycle Hire', 'Housekeeping', 'Internet Access', 'Late check-out', 'Laundry Facilities', 'Luggage Storage', 'Reception (limited hours)', 'Towels for hire']",['Tea & Coffee Making Facilities'],['Wi-Fi'],35.00679,135.77422,no,no,yes,yes,no,yes,yes,yes,no,yes,yes,no,yes,no,yes,no,yes,yes,no,yes,no,yes,yes,yes,no,yes,no,no,no,no,yes,yes,yes,yes,no,yes,no,yes,yes,no,no,no,no,yes,yes,yes,yes,yes,no,yes,yes,no,no,no,no,no,no,no,yes,yes,no,yes,no,no,no,no,no,no,no,no,no,no,no,no,yes
Gojo Guest House,https://www.hostelworld.com/hosteldetails.php/Gojo-Guest-House/Kyoto/5317,Kyoto,16.41,1.9,9.6,Superb,10,10,9,10,10,9,9,"['Free City Maps', 'Free Internet Access', 'Free WiFi', 'Linen Included']","['Air Conditioning', 'Breakfast Not Included', 'Card Phones', 'Common Room', 'Hair Dryers', 'Hair Dryers For Hire', 'Hot Showers', 'Security Lockers']","['Internet Access', 'Late check-out', 'Laundry Facilities', 'Luggage Storage', 'Reception (limited hours)']","['Bar', 'Cafe', 'Restaurant', 'Tea & Coffee Making Facilities']",,34.99539,135.77221,no,no,yes,yes,no,yes,yes,no,no,no,no,yes,no,yes,no,no,yes,no,no,yes,no,yes,no,no,no,no,no,no,no,no,no,no,no,no,no,no,no,yes,no,no,no,no,no,no,no,yes,no,yes,no,yes,yes,no,no,no,no,no,no,no,no,yes,no,yes,no,yes,yes,no,no,no,no,no,no,no,no,no,no
Hostel Kyoto Kizuna,https://www.hostelworld.com/hosteldetails.php/Hostel-Kyoto-Kizuna/Kyoto/277793,Kyoto,14.77,2.1,10,Superb,10,10,10,10,10,10,10,"['Free Internet Access', 'Free WiFi', 'Linen Included']","['Air Conditioning', 'Breakfast Not Included', 'Card Phones', 'Common Room', 'Cooker', 'Dryer', 'Elevator', 'Fridge/Freezer', 'Hair Dryers', 'Hot Showers', 'Hot Tub', 'Iron / Ironing Board', 'Key Card Access', 'Microwave', 'Parking', 'Reading Light', 'Safe Deposit Box', 'Security Lockers', 'Self-Catering Facilities', 'Utensils', 'Washing Machine']","['24 Hour Security', 'Bicycle Hire', 'Housekeeping', 'Internet Access', 'Late check-out', 'Laundry Facilities', 'Reception (limited hours)', 'Towels for hire']","['Bar', 'Cafe', 'Tea & Coffee Making Facilities', 'Vending Machines']",['Wii'],34.99916,135.76266,no,no,no,yes,no,yes,yes,no,no,no,yes,yes,yes,no,yes,no,yes,yes,no,yes,no,yes,no,yes,no,yes,no,no,no,no,yes,yes,yes,yes,no,yes,no,yes,yes,yes,no,no,no,yes,yes,yes,yes,yes,no,no,yes,no,no,no,no,no,no,no,yes,yes,no,yes,no,yes,no,no,yes,no,no,no,no,no,no,yes,no
Tsukimi Hotel,https://www.hostelworld.com/hosteldetails.php/Tsukimi-Hotel/Kyoto/293839,Kyoto,22.15,1.5,8.9,Fabulous,8,10,10,8,8,10,8,"['Free Breakfast', 'Free City Maps', 'Free Internet Access', 'Free WiFi', 'Linen Included', 'Towels Included']","['Adaptors', 'Air Conditioning', 'Bicycle Parking', 'Common Room', 'Cooker', 'Dryer', 'Elevator', 'Flexible NRR', 'Follows Covid-19 sanitation guidance', 'Fridge/Freezer', 'Hair Dryers', 'Hair Dryers For Hire', 'Hot Showers', 'Hot Tub', 'Iron / Ironing Board', 'Jobs Board', 'Key Card Access', 'Meeting Rooms', 'Microwave', 'Outdoor Terrace', 'Reading Light', 'Safe Deposit Box', 'Security Lockers', 'Utensils', 'Washing Machine']","['24 Hour Security', 'Housekeeping', 'Internet Access', 'Late check-out', 'Laundry Facilities', 'Luggage Storage', 'Reception (limited hours)']","['Bar', 'Meals Available', 'Tea & Coffee Making Facilities']","['Board Games', 'Wi-Fi']",35.67063,139.79791,yes,no,yes,yes,no,yes,yes,yes,no,yes,yes,no,yes,yes,yes,yes,yes,yes,no,yes,yes,yes,yes,yes,yes,yes,no,no,yes,yes,yes,yes,no,yes,no,yes,no,yes,yes,no,no,no,no,yes,yes,yes,yes,yes,no,yes,yes,no,no,no,no,no,no,no,no,yes,no,yes,no,yes,no,yes,no,no,no,no,no,no,yes,no,yes
Miyakawacho Guest House HANAKANZASHI,https://www.hostelworld.com/hosteldetails.php/Miyakawacho-Guest-House-HANAKANZASHI/Kyoto/300677,Kyoto,20.3,1.5,9.3,Superb,10,10,9,9,9,9,9,"['Free WiFi', 'Linen Included']","['Air Conditioning', 'Bicycle Parking', 'Common Room', 'Dryer', 'Flexible NRR', 'Fridge/Freezer', 'Hair Dryers', 'Hot Showers', 'Key Card Access', 'Reading Light', 'Security Lockers', 'Towels Not Included', 'Washing Machine']","['Internet Access', 'Luggage Storage', 'Reception (limited hours)']",['Vending Machines'],['Wi-Fi'],35.00139,135.77496,no,no,no,yes,no,yes,no,no,no,no,yes,no,no,no,no,no,yes,yes,no,yes,no,yes,no,no,no,no,no,no,yes,yes,no,no,no,yes,no,yes,no,yes,yes,no,no,no,no,no,no,no,no,no,no,yes,yes,no,no,no,no,no,no,no,no,yes,no,no,no,no,no,no,yes,no,no,no,no,no,no,no,yes
Nagomi-Ryokan Yuu,https://www.hostelworld.com/hosteldetails.php/Nagomi-Ryokan-Yuu/Kyoto/34703,Kyoto,25.02,2.2,8.9,Fabulous,6,10,8,10,8,10,10,"['Free City Maps', 'Free WiFi', 'Linen Included']","['Air Conditioning', 'Bicycle Parking', 'Breakfast Not Included', 'Common Room', 'Hair Dryers For Hire', 'Hot Showers', 'Parking', 'Self-Catering Facilities', 'Washing Machine']","['24 Hour Security', 'Fax Service', 'Internet Access', 'Laundry Facilities', 'Postal Service', 'Towels for hire']","['Bar', 'Cafe', 'Restaurant']",['Wi-Fi'],34.99398,135.75859,no,no,yes,yes,no,yes,no,no,no,no,yes,no,no,yes,no,no,yes,no,no,yes,no,no,no,no,no,no,no,no,no,yes,no,no,yes,no,no,no,no,yes,no,yes,no,no,no,no,no,yes,yes,no,no,no,no,no,no,no,no,yes,no,yes,no,yes,no,no,no,yes,yes,no,no,no,no,no,no,no,no,no,yes
WeBase Kyoto,https://www.hostelworld.com/hosteldetails.php/WeBase-Kyoto/Kyoto/294513,Kyoto,22.56,1.6,9,Superb,7,9,9,10,9,10,9,"['Free Breakfast', 'Free City Maps', 'Free WiFi', 'Linen Included', 'Towels Included']","['Adaptors', 'Air Conditioning', 'Common Room', 'Cooker', 'Dryer', 'Elevator', 'Fridge/Freezer', 'Hair Dryers', 'Hot Showers', 'Iron / Ironing Board', 'Jobs Board', 'Key Card Access', 'Microwave', 'Reading Light', 'Safe Deposit Box', 'Security Lockers', 'Washing Machine', 'Wheelchair Friendly']","['24 Hour Reception', '24 Hour Security', 'Bicycle Hire', 'Housekeeping', 'Laundry Facilities', 'Luggage Storage', 'Postal Service', 'Towels for hire']","['Tea & Coffee Making Facilities', 'Vending Machines']","['Board Games', 'Wi-Fi']",35.00039,135.75636,yes,no,yes,yes,no,yes,no,yes,no,no,yes,no,yes,no,no,no,yes,yes,no,yes,yes,yes,yes,yes,no,yes,no,yes,no,no,yes,yes,no,yes,no,yes,no,yes,yes,no,no,no,no,no,yes,yes,yes,no,no,yes,no,no,no,no,no,no,yes,yes,yes,no,no,yes,no,no,no,no,yes,no,no,no,no,no,yes,no,yes
Gojo Guesthouse - Annex,https://www.hostelworld.com/hosteldetails.php/Gojo-Guesthouse-Annex/Kyoto/21128,Kyoto,20.1,1.7,10,Superb,10,10,10,10,10,10,10,"['Free City Maps', 'Free Internet Access', 'Free WiFi', 'Linen Included']","['Air Conditioning', 'Bicycle Parking', 'Breakfast Not Included', 'Common Room', 'Fridge/Freezer', 'Hair Dryers', 'Hot Showers', 'Microwave', 'Self-Catering Facilities', 'Towels Not Included', 'Washing Machine']","['Bicycle Hire', 'Luggage Storage', 'Towels for hire']",['Tea & Coffee Making Facilities'],['Wi-Fi'],34.99822,135.77583,no,no,yes,yes,no,yes,yes,no,no,no,yes,no,no,no,no,no,yes,no,no,yes,no,no,no,no,no,yes,no,no,no,yes,no,no,yes,no,no,yes,no,yes,no,no,no,no,no,no,no,no,no,no,no,yes,no,no,no,no,no,no,no,no,yes,no,no,yes,no,no,no,no,no,no,no,no,no,no,no,no,yes
Kyoto Hana Hostel,https://www.hostelworld.com/hosteldetails.php/Kyoto-Hana-Hostel/Kyoto/41311,Kyoto,14.77,2.5,8,Fabulous,8,8,10,8,8,8,6,"['Free City Maps', 'Free Internet Access', 'Free WiFi', 'Linen Included']","['Adaptors', 'Air Conditioning', 'Book Exchange', 'Breakfast Not Included', 'Cable TV', 'Common Room', 'Dryer', 'Hair Dryers', 'Hair Dryers For Hire', 'Hot Showers', 'Iron / Ironing Board', 'Reading Light', 'Security Lockers', 'Self-Catering Facilities', 'Washing Machine']","['24 Hour Security', 'Bicycle Hire', 'Fax Service', 'Internet Access', 'Late check-out', 'Laundry Facilities', 'Luggage Storage', 'Reception (limited hours)', 'Towels for hire']","['Tea & Coffee Making Facilities', 'Vending Machines']","['Board Games', ""DVD's"", 'Wii']",34.98979,135.75993,no,no,yes,yes,no,yes,yes,no,no,no,yes,no,yes,yes,no,no,yes,yes,yes,yes,no,yes,yes,no,no,no,no,no,no,no,no,no,yes,no,yes,no,no,yes,yes,no,no,no,no,no,no,yes,yes,yes,no,yes,yes,no,no,no,no,yes,no,no,yes,yes,no,yes,no,no,no,no,yes,no,no,no,yes,no,yes,yes,no
Guest House YULULU,https://www.hostelworld.com/hosteldetails.php/Guest-House-YULULU/Kyoto/79698,Kyoto,12.31,0.5,9.7,Superb,10,9,10,10,10,10,9,"['Free City Maps', 'Free WiFi', 'Linen Included', 'Towels Included']","['Adaptors', 'Air Conditioning', 'Breakfast Not Included', 'Common Room', 'Fridge/Freezer', 'Hair Dryers', 'Hot Showers', 'Microwave', 'Self-Catering Facilities', 'Washing Machine']","['24 Hour Security', 'Bicycle Hire', 'Internet Access', 'Luggage Storage', 'Reception (limited hours)', 'Towels for hire']","['Bar', 'Tea & Coffee Making Facilities']",,35.0044,135.7666,no,no,yes,yes,no,yes,no,yes,no,no,yes,no,no,no,no,no,yes,no,no,yes,no,no,yes,no,no,yes,no,no,no,no,no,no,yes,no,no,yes,no,yes,no,no,no,no,no,no,no,no,yes,no,no,yes,yes,no,no,no,no,no,no,no,yes,yes,no,yes,no,yes,no,no,no,no,no,no,no,no,no,no,no
HARUYA Higashiyama,https://www.hostelworld.com/hosteldetails.php/HARUYA-Higashiyama/Kyoto/56247,Kyoto,12.14,1,9.1,Superb,10,6,10,8,10,10,10,"['Free City Maps', 'Free Internet Access', 'Free WiFi', 'Linen Included']","['Adaptors', 'Air Conditioning', 'Breakfast Not Included', 'Common Room', 'Hair Dryers', 'Hair Dryers For Hire', 'Hot Showers', 'Meeting Rooms', 'Reading Light', 'Security Lockers', 'Self-Catering Facilities', 'Towels Not Included', 'Washing Machine']","['Bicycle Hire', 'Housekeeping', 'Laundry Facilities', 'Luggage Storage', 'Towels for hire']",['Tea & Coffee Making Facilities'],['Wi-Fi'],35.00877,135.77894,no,no,yes,yes,no,yes,yes,no,no,no,yes,no,no,yes,no,yes,yes,yes,no,yes,no,yes,yes,no,no,no,no,no,no,no,no,no,yes,no,no,no,no,yes,no,no,no,no,no,no,yes,yes,no,no,no,yes,no,no,no,no,no,no,no,no,yes,no,no,yes,no,no,no,no,no,no,no,no,no,no,no,no,yes
Tanaka Gokurakudo Guest House,https://www.hostelworld.com/hosteldetails.php/Tanaka-Gokurakudo-Guest-House/Kyoto/280879,Kyoto,21.74,2.7,9.7,Superb,10,10,10,10,10,8,10,"['Free City Maps', 'Free Internet Access', 'Free WiFi', 'Linen Included']","['Adaptors', 'Air Conditioning', 'Breakfast Not Included', 'Common Room', 'Cooker', 'Dryer', 'Fridge/Freezer', 'Hair Dryers', 'Hot Showers', 'Microwave', 'Outdoor Terrace', 'Reading Light', 'Self-Catering Facilities', 'Washing Machine']","['Bicycle Hire', 'Internet Access', 'Laundry Facilities', 'Luggage Storage', 'Reception (limited hours)', 'Towels for hire']",,['Wi-Fi'],34.98902,135.75824,no,no,yes,yes,no,yes,yes,no,no,yes,yes,no,no,no,no,no,yes,yes,no,yes,no,no,yes,no,no,yes,no,no,no,no,yes,no,yes,no,no,yes,no,yes,yes,no,no,no,no,no,no,yes,no,no,no,yes,yes,no,no,no,no,no,no,no,yes,yes,no,no,no,no,no,no,no,no,no,no,no,no,no,no,yes
Guest House Ga-Jyun,https://www.hostelworld.com/hosteldetails.php/Guest-House-Ga-Jyun/Kyoto/83262,Kyoto,16.41,1.4,8.9,Fabulous,8,8,8,10,10,10,8,"['Free Breakfast', 'Free Internet Access', 'Free WiFi']","['Hair Dryers For Hire', 'Hot Showers', 'Self-Catering Facilities', 'Washing Machine']","['Bicycle Hire', 'Internet Access', 'Laundry Facilities', 'Luggage Storage']",['Tea & Coffee Making Facilities'],,35.0094,135.7833,yes,no,no,yes,no,no,yes,no,no,no,yes,no,no,yes,no,no,no,no,no,no,no,no,no,no,no,no,no,no,no,no,no,no,yes,no,no,no,no,yes,no,no,no,no,no,no,no,yes,no,no,no,yes,no,no,no,no,no,no,no,no,yes,yes,no,yes,no,no,no,no,no,no,no,no,no,no,no,no,no
Guest House Kyoto Inn,https://www.hostelworld.com/hosteldetails.php/Guest-House-Kyoto-Inn/Kyoto/272748,Kyoto,12.31,3.3,7.7,Very good,8,6,10,10,6,8,6,"['Free Breakfast', 'Free City Maps', 'Free City Tour', 'Free Internet Access', 'Free WiFi', 'Linen Included']","['Adaptors', 'Air Conditioning', 'BBQ', 'Bicycle Parking', 'Book Exchange', 'Cable TV', 'Common Room', 'Cooker', 'Fridge/Freezer', 'Hair Dryers', 'Hot Showers', 'Hot Tub', 'Iron / Ironing Board', 'Key Card Access', 'Microwave', 'Outdoor Terrace', 'Parking', 'Reading Light', 'Safe Deposit Box', 'Security Lockers', 'Self-Catering Facilities', 'Towels Not Included', 'Utensils', 'Washing Machine']","['24 Hour Reception', '24 Hour Security', 'Bicycle Hire', 'Express check-in / out', 'Fax Service', 'Housekeeping', 'Internet Access', 'Late check-out', 'Laundry Facilities', 'Luggage Storage', 'Reception (limited hours)', 'Tours/Travel Desk', 'Towels for hire']","['Cafe', 'Restaurant', 'Tea & Coffee Making Facilities', 'Vending Machines']","['Board Games', 'Wi-Fi']",34.99042,135.74316,yes,no,yes,yes,yes,yes,yes,no,no,yes,yes,no,yes,no,yes,no,yes,yes,yes,yes,no,yes,yes,no,no,yes,no,no,no,yes,yes,yes,yes,yes,yes,yes,no,yes,no,yes,yes,no,no,yes,yes,yes,yes,yes,yes,yes,yes,yes,no,no,no,yes,yes,no,yes,yes,no,yes,no,no,yes,no,yes,no,no,no,no,no,yes,no,yes
FUGASTAY Shijo Omiya,https://www.hostelworld.com/hosteldetails.php/FUGASTAY-Shijo-Omiya/Kyoto/294324,Kyoto,19.28,1.8,10,Superb,10,10,10,10,10,10,10,['Free WiFi'],,,,,35.00305,135.75125,no,no,no,yes,no,no,no,no,no,no,no,no,no,no,no,no,no,no,no,no,no,no,no,no,no,no,no,no,no,no,no,no,no,no,no,no,no,no,no,no,no,no,no,no,no,no,no,no,no,no,no,no,no,no,no,no,no,no,no,no,no,no,no,no,no,no,no,no,no,no,no,no,no,no,no
Guest House Shiori Ann,https://www.hostelworld.com/hosteldetails.php/Guest-House-Shiori-Ann/Kyoto/82268,Kyoto,12.06,2,9.7,Superb,10,10,10,10,8,10,10,['Free WiFi'],"['Air Conditioning', 'Breakfast Not Included']","['Internet Access', 'Laundry Facilities', 'Luggage Storage']",['Tea & Coffee Making Facilities'],,34.99495,135.75932,no,no,no,yes,no,no,no,no,no,no,no,no,no,no,no,no,no,no,no,yes,no,no,no,no,no,no,no,no,no,no,no,no,no,no,no,no,no,no,no,no,no,no,no,no,no,yes,no,no,no,yes,no,no,no,no,no,no,no,no,no,yes,no,yes,no,no,no,no,no,no,no,no,no,no,no,no,no
Santiago Guesthouse Naha,https://www.hostelworld.com/hosteldetails.php/Santiago-Guesthouse-Naha/Okinawa/296975,Okinawa,12.31,0.3,9.4,Superb,10,10,9,10,9,8,10,"['Free City Maps', 'Free WiFi', 'Linen Included']","['Air Conditioning', 'Breakfast Not Included', 'Common Room', 'Dryer', 'Fridge/Freezer', 'Hair Dryers', 'Hot Showers', 'Microwave', 'Reading Light', 'Security Lockers', 'Towels Not Included', 'Washing Machine']","['24 Hour Security', 'Internet Access', 'Laundry Facilities', 'Luggage Storage', 'Reception (limited hours)', 'Towels for hire']",['Tea & Coffee Making Facilities'],['Wi-Fi'],26.21097,127.67797,no,no,yes,yes,no,yes,no,no,no,no,yes,no,no,no,no,no,yes,yes,no,yes,no,yes,no,no,no,yes,no,no,no,no,no,no,no,no,no,yes,no,yes,yes,no,no,no,no,no,no,yes,yes,no,no,yes,yes,no,no,no,no,no,no,no,no,yes,no,yes,no,no,no,no,no,no,no,no,no,no,no,no,yes
Ishigaki Guesthouse HIVE,https://www.hostelworld.com/hosteldetails.php/Ishigaki-Guesthouse-HIVE/Okinawa/291754,Okinawa,24.61,410.8,9.9,Superb,10,10,9.6,10,9.6,10,10,"['Free Internet Access', 'Free WiFi', 'Linen Included', 'Towels Included']","['Air Conditioning', 'Common Room', 'Cooker', 'Dryer', 'Fridge/Freezer', 'Hair Dryers', 'Hair Dryers For Hire', 'Hot Showers', 'Microwave', 'Reading Light', 'Safe Deposit Box', 'Security Lockers', 'Self-Catering Facilities', 'Utensils', 'Washing Machine']","['24 Hour Security', 'Fax Service', 'Internet Access', 'Luggage Storage', 'Reception (limited hours)', 'Towels for hire']",,['Wi-Fi'],35.69519,139.76799,no,no,no,yes,no,yes,yes,yes,no,no,yes,no,no,yes,yes,no,yes,yes,no,yes,no,yes,no,no,no,yes,no,no,no,no,yes,yes,yes,no,no,yes,no,yes,yes,no,no,no,no,no,no,no,yes,no,no,yes,yes,no,no,no,no,yes,no,no,no,yes,no,no,no,no,no,no,no,no,no,no,no,no,no,no,yes
Myplace Guest House,https://www.hostelworld.com/hosteldetails.php/Myplace-Guest-House/Okinawa/102100,Okinawa,14.36,1.6,9.2,Superb,9.5,10,8.5,9.5,8,9.5,9.5,"['Free City Maps', 'Free Internet Access', 'Free Parking', 'Free WiFi', 'Linen Included']","['Air Conditioning', 'Breakfast Not Included', 'Ceiling Fan', 'Common Room', 'Fridge/Freezer', 'Hair Dryers', 'Hot Showers', 'Microwave', 'Parking', 'Security Lockers', 'Self-Catering Facilities', 'Washing Machine']","['Bicycle Hire', 'Housekeeping', 'Laundry Facilities', 'Luggage Storage', 'Tours/Travel Desk', 'Towels for hire']",['Vending Machines'],,26.2271,127.6813,no,yes,yes,yes,no,yes,yes,no,no,no,yes,no,no,no,no,no,yes,no,no,yes,no,yes,no,no,no,yes,yes,no,no,no,no,no,yes,no,no,yes,no,yes,no,yes,no,no,no,no,yes,yes,no,no,no,yes,no,yes,no,no,no,no,no,no,yes,no,no,no,no,no,no,no,yes,no,no,no,no,no,no,no,no
Aien Coffee＆Hostel,https://www.hostelworld.com/hosteldetails.php/Aien-CoffeeHostel/Okinawa/281386,Okinawa,20.51,14.1,9.7,Superb,10,10,10,10,10,10,8,"['Free City Maps', 'Free Internet Access', 'Free WiFi', 'Linen Included']","['Air Conditioning', 'Bicycle Parking', 'Breakfast Not Included', 'Common Room', 'Fridge/Freezer', 'Hair Dryers', 'Hair Dryers For Hire', 'Hot Showers', 'Iron / Ironing Board', 'Microwave', 'Parking', 'Reading Light', 'Safe Deposit Box']","['Internet Access', 'Late check-out', 'Luggage Storage', 'Reception (limited hours)']","['Bar', 'Cafe']",['Wi-Fi'],35.69444,139.82784,no,no,yes,yes,no,yes,yes,no,no,no,no,no,yes,yes,no,no,yes,yes,no,yes,no,no,no,no,no,yes,no,no,no,yes,no,yes,no,no,no,yes,no,yes,no,yes,no,no,no,no,no,no,no,yes,no,yes,yes,no,no,no,no,no,no,no,no,yes,no,no,no,yes,no,no,no,no,no,no,no,no,no,no,yes
KumojiSo Hostel Naha Okinawa,https://www.hostelworld.com/hosteldetails.php/KumojiSo-Hostel-Naha-Okinawa/Okinawa/53678,Okinawa,18.05,0.4,7.7,Very good,10,8,8,6,8,8,6,"['Free Internet Access', 'Free WiFi', 'Linen Included']","['Adaptors', 'Air Conditioning', 'Breakfast Not Included', 'Common Room', 'Elevator', 'Fridge/Freezer', 'Hair Dryers', 'Hair Dryers For Hire', 'Hot Showers', 'Microwave', 'Reading Light', 'Security Lockers', 'Towels Not Included', 'Utensils', 'Washing Machine']","['24 Hour Security', 'Bicycle Hire', 'Currency Exchange', 'Internet Access', 'Postal Service', 'Reception (limited hours)', 'Towels for hire']","['Bar', 'Vending Machines']","['Foosball', 'Pool Table', 'Wi-Fi']",26.21592,127.68113,no,no,no,yes,no,yes,yes,no,no,no,yes,no,no,yes,yes,no,yes,yes,no,yes,no,yes,yes,yes,no,yes,no,no,no,no,no,no,no,no,no,yes,no,yes,no,no,no,no,no,no,no,no,yes,no,no,no,yes,no,no,no,yes,no,no,yes,yes,yes,no,no,no,yes,no,no,yes,no,yes,yes,no,no,no,no,yes
Guest House Umikaji,https://www.hostelworld.com/hosteldetails.php/Guest-House-Umikaji/Okinawa/276734,Okinawa,20.51,0.4,7.7,Very good,6,8,8,6,8,10,8,"['Free Internet Access', 'Free WiFi', 'Linen Included']","['Air Conditioning', 'Breakfast Not Included', 'Common Room', 'Dryer', 'Fridge/Freezer', 'Hair Dryers', 'Hair Dryers For Hire', 'Hot Showers', 'Hot Tub', 'Iron / Ironing Board', 'Microwave', 'Reading Light', 'Security Lockers', 'Towels Not Included', 'Washing Machine']","['Bicycle Hire', 'Housekeeping', 'Internet Access', 'Laundry Facilities', 'Luggage Storage', 'Reception (limited hours)', 'Towels for hire']",['Vending Machines'],,26.21648,127.67803,no,no,no,yes,no,yes,yes,no,no,no,yes,no,yes,yes,no,no,yes,yes,no,yes,no,yes,no,no,no,yes,no,no,no,no,no,no,no,no,no,yes,no,yes,yes,no,no,no,no,yes,yes,yes,no,no,no,yes,yes,no,no,no,no,no,no,no,yes,yes,no,no,no,no,no,no,yes,no,no,no,no,no,no,no,no
Little Asia Okinawa,https://www.hostelworld.com/hosteldetails.php/Little-Asia-Okinawa/Okinawa/25308,Okinawa,9.84,0.9,7.7,Very good,8,4,10,10,10,6,6,"['Free Internet Access', 'Free WiFi', 'Linen Included']","['Air Conditioning', 'BBQ', 'Bicycle Parking', 'Breakfast Not Included', 'Ceiling Fan', 'Common Room', 'Cooker', 'Dryer', 'Fridge/Freezer', 'Hair Dryers', 'Hair Dryers For Hire', 'Hot Showers', 'Iron / Ironing Board', 'Microwave', 'Parking', 'Self-Catering Facilities', 'Towels Not Included', 'Utensils', 'Washing Machine']","['Bicycle Hire', 'Housekeeping', 'Internet Access', 'Late check-out', 'Laundry Facilities', 'Luggage Storage', 'Reception (limited hours)']",['Bar'],['Wi-Fi'],26.21332,127.69025,no,no,no,yes,no,yes,yes,no,no,no,yes,no,yes,yes,yes,no,yes,no,no,yes,no,no,no,no,no,yes,yes,no,no,yes,yes,no,yes,no,no,yes,no,yes,yes,yes,yes,no,no,no,yes,yes,no,yes,no,yes,yes,no,no,no,no,no,no,no,yes,yes,no,no,no,yes,no,no,no,no,no,no,no,no,no,no,yes
Mash Café & Bed NAGANO,https://www.hostelworld.com/hosteldetails.php/Mash-Cafe-and-Bed-NAGANO/Nagano/302447,Nagano,20.51,0.8,8.7,Fabulous,8.3,9.3,10,8.7,9,7,8.7,"['Free WiFi', 'Linen Included']","['Air Conditioning', 'Breakfast Not Included', 'Common Room', 'Dryer', 'Elevator', 'Fridge/Freezer', 'Hair Dryers', 'Hot Showers', 'Iron / Ironing Board', 'Microwave', 'Towels Not Included', 'Washing Machine']","['Bicycle Hire', 'Laundry Facilities', 'Reception (limited hours)', 'Towels for hire']","['Bar', 'Cafe', 'Restaurant', 'Tea & Coffee Making Facilities']",['Wi-Fi'],36.64582,138.18616,no,no,no,yes,no,yes,no,no,no,no,yes,no,yes,no,no,no,yes,no,no,yes,no,no,no,yes,no,yes,no,no,no,no,no,no,no,no,no,yes,no,yes,yes,no,no,no,no,no,no,yes,no,no,no,no,yes,no,no,no,no,no,no,no,yes,no,no,yes,no,yes,yes,no,no,no,no,no,no,no,no,no,yes
Guest House KURA,https://www.hostelworld.com/hosteldetails.php/Guest-House-KURA/Nagano/68894,Nagano,24.61,10.7,9.4,Superb,10,10,6,10,10,10,10,"['Free City Maps', 'Free Internet Access', 'Free Parking', 'Free WiFi', 'Linen Included']","['Adaptors', 'Air Conditioning', 'BBQ', 'Bicycle Parking', 'Book Exchange', 'Breakfast Not Included', 'Common Room', 'Dryer', 'Fridge/Freezer', 'Hair Dryers', 'Hot Showers', 'Iron / Ironing Board', 'Microwave', 'Outdoor Terrace', 'Parking', 'Reading Light', 'Security Lockers', 'Towels Not Included', 'Washing Machine']","['Bicycle Hire', 'Fax Service', 'Housekeeping', 'Internet Access', 'Laundry Facilities', 'Luggage Storage', 'Reception (limited hours)', 'Tours/Travel Desk', 'Towels for hire']","['Cafe', 'Tea & Coffee Making Facilities']","['Board Games', 'Wi-Fi']",36.65795,138.31571,no,yes,yes,yes,no,yes,yes,no,no,yes,yes,no,yes,no,no,no,yes,yes,no,yes,no,yes,yes,no,no,yes,no,no,no,yes,no,no,no,no,yes,yes,no,yes,yes,yes,yes,no,no,no,yes,yes,no,no,no,yes,yes,yes,no,no,no,yes,no,no,yes,yes,no,yes,no,no,no,no,no,no,no,no,no,no,yes,no,yes
Minka House,https://www.hostelworld.com/hosteldetails.php/Minka-House/Nagano/301400,Nagano,24.61,50.5,10,Superb,10,10,10,10,10,10,10,"['Free Internet Access', 'Free WiFi', 'Linen Included', 'Towels Included']","['Air Conditioning', 'Bicycle Parking', 'Breakfast Not Included', 'Common Room', 'Cooker', 'Fridge/Freezer', 'Hair Dryers', 'Hair Dryers For Hire', 'Hot Showers', 'Iron / Ironing Board', 'Microwave', 'Outdoor Terrace', 'Reading Light', 'Safe Deposit Box', 'Security Lockers', 'Self-Catering Facilities', 'Utensils', 'Washing Machine']","['Bicycle Hire', 'Internet Access', 'Laundry Facilities', 'Luggage Storage', 'Reception (limited hours)', 'Towels for hire']","['Bar', 'Cafe', 'Meals Available', 'Restaurant', 'Tea & Coffee Making Facilities']","['Board Games', 'Wi-Fi']",36.22991,137.97388,no,no,no,yes,no,yes,yes,yes,no,yes,yes,no,yes,yes,yes,no,yes,yes,no,yes,no,yes,no,no,no,yes,no,no,no,yes,yes,yes,yes,no,no,yes,no,yes,no,no,no,no,no,no,no,yes,no,no,no,yes,yes,no,no,no,no,no,no,no,yes,yes,no,yes,no,yes,yes,yes,no,no,no,no,no,no,yes,no,yes
The Stay Sapporo,https://www.hostelworld.com/hosteldetails.php/The-Stay-Sapporo/Sapporo/94710,Sapporo,16.08,1.2,10,Superb,10,10,10,10,10,10,10,"['Free Internet Access', 'Free WiFi', 'Linen Included']","['Adaptors', 'Air Conditioning', 'Elevator', 'Hot Showers', 'Parking']","['24 Hour Security', 'Internet Access', 'Laundry Facilities']",,,43.05352,141.34553,no,no,no,yes,no,yes,yes,no,no,no,no,no,no,no,no,no,no,no,no,yes,no,no,yes,yes,no,no,no,no,no,no,no,no,no,no,no,no,no,yes,no,yes,no,no,no,no,no,yes,yes,no,no,no,no,no,no,no,no,no,no,no,no,yes,no,no,no,no,no,no,no,no,no,no,no,no,no,no,no
Grids Sapporo Hotel&Hostel,https://www.hostelworld.com/hosteldetails.php/Grids-Sapporo-Hotel-and-Hostel/Sapporo/278412,Sapporo,21.3,0.6,9.3,Superb,9.3,9.3,9.3,9.3,8.7,10,9.3,"['Free City Maps', 'Free Internet Access', 'Free WiFi', 'Linen Included', 'Towels Included']","['Adaptors', 'Air Conditioning', 'Cooker', 'Dryer', 'Follows Covid-19 sanitation guidance', 'Fridge/Freezer', 'Hair Dryers', 'Hot Showers', 'Iron / Ironing Board', 'Microwave', 'Parking', 'Safe Deposit Box', 'Security Lockers', 'Self-Catering Facilities', 'Utensils', 'Washing Machine']","['24 Hour Security', 'Fax Service', 'Housekeeping', 'Internet Access', 'Laundry Facilities', 'Luggage Storage']","['Bar', 'Cafe', 'Tea & Coffee Making Facilities', 'Vending Machines']",,35.67917,139.77285,no,no,yes,yes,no,yes,yes,yes,no,no,yes,no,yes,no,yes,no,no,no,no,yes,no,yes,yes,no,yes,yes,no,no,no,no,yes,yes,yes,no,no,yes,no,yes,yes,yes,no,no,no,no,yes,yes,yes,no,no,yes,no,no,no,no,no,yes,no,no,no,yes,no,yes,no,yes,no,no,yes,no,no,no,no,no,no,no,no
SappoLodge,https://www.hostelworld.com/hosteldetails.php/SappoLodge/Sapporo/93412,Sapporo,23.31,0.9,10,Superb,10,10,10,10,10,10,10,"['Free City Maps', 'Free Internet Access', 'Free WiFi', 'Linen Included']","['Air Conditioning', 'Bicycle Parking', 'Breakfast Not Included', 'Ceiling Fan', 'Common Room', 'Hair Dryers', 'Hot Showers', 'Reading Light', 'Safe Deposit Box', 'Security Lockers', 'Self-Catering Facilities']","['24 Hour Security', 'Fax Service', 'Housekeeping', 'Internet Access', 'Luggage Storage', 'Postal Service', 'Tours/Travel Desk']","['Bar', 'Cafe', 'Meals Available', 'Restaurant', 'Tea & Coffee Making Facilities']","[""DVD's""]",43.05625,141.3635,no,no,yes,yes,no,yes,yes,no,no,no,no,no,no,no,no,no,yes,yes,no,yes,no,yes,no,no,no,no,yes,no,no,yes,no,yes,yes,no,no,no,no,yes,no,no,no,no,no,no,yes,no,yes,no,no,yes,no,yes,no,no,no,yes,no,yes,no,yes,no,yes,no,yes,yes,yes,no,no,no,no,yes,no,no,no,no
Khaosan World Namba,https://www.hostelworld.com/hosteldetails.php/Khaosan-World-Namba/Osaka/265731,Osaka,17.23,4.5,9.6,Superb,10,9.7,9.4,9.7,9.1,8.9,10,"['Free Internet Access', 'Free WiFi', 'Linen Included']","['Air Conditioning', 'Breakfast Not Included', 'Common Room', 'Elevator', 'Follows Covid-19 sanitation guidance', 'Hair Dryers', 'Hot Showers', 'Security Lockers', 'Utensils', 'Washing Machine']","['24 Hour Security', 'Laundry Facilities', 'Luggage Storage', 'Reception (limited hours)', 'Towels for hire']",['Vending Machines'],['Wi-Fi'],34.66619,135.49713,no,no,no,yes,no,yes,yes,no,no,no,yes,no,no,no,yes,no,yes,no,no,yes,no,yes,no,yes,yes,no,no,no,no,no,no,no,no,no,no,no,no,yes,no,no,no,no,no,no,no,yes,yes,no,no,yes,yes,no,no,no,no,no,no,no,no,no,no,no,no,no,no,no,yes,no,no,no,no,no,no,no,yes
Hostel Q,https://www.hostelworld.com/hosteldetails.php/Hostel-Q/Osaka/82301,Osaka,23.79,4.2,9.1,Superb,9.7,8.6,9.7,9.7,9.4,8.3,8.3,"['Free Breakfast', 'Free City Maps', 'Free Internet Access', 'Free WiFi', 'Linen Included']","['Adaptors', 'Air Conditioning', 'Common Room', 'Elevator', 'Hair Dryers', 'Hot Showers', 'Microwave', 'Reading Light', 'Safe Deposit Box', 'Security Lockers', 'Self-Catering Facilities', 'Washing Machine']","['24 Hour Security', 'Fax Service', 'Internet Access', 'Laundry Facilities', 'Luggage Storage', 'Towels for hire']",['Tea & Coffee Making Facilities'],"['Board Games', 'Wi-Fi']",34.66922,135.49858,yes,no,yes,yes,no,yes,yes,no,no,no,yes,no,no,no,no,no,yes,yes,no,yes,no,yes,yes,yes,no,yes,no,no,no,no,no,yes,yes,no,no,no,no,yes,no,no,no,no,no,no,no,yes,yes,no,no,yes,no,no,no,no,no,yes,no,no,no,yes,no,yes,no,no,no,no,no,no,no,no,no,no,yes,no,yes
HIPPO Hostel & Cafe Bar,https://www.hostelworld.com/hosteldetails.php/HIPPO-Hostel-and-Cafe-Bar/Osaka/301078,Osaka,15.38,5.5,9,Superb,8.7,10,8,10,8.7,9.3,8,"['Free WiFi', 'Linen Included']","['Air Conditioning', 'Common Room', 'Cooker', 'Dryer', 'Fridge/Freezer', 'Hair Dryers', 'Hot Showers', 'Iron / Ironing Board', 'Microwave', 'Outdoor Terrace', 'Reading Light', 'Safe Deposit Box', 'Security Lockers', 'Self-Catering Facilities', 'Towels Not Included', 'Utensils', 'Washing Machine']","['Fax Service', 'Internet Access', 'Late check-out', 'Laundry Facilities', 'Luggage Storage', 'Reception (limited hours)']","['Bar', 'Cafe']",,34.6643,135.53206,no,no,no,yes,no,yes,no,no,no,yes,yes,no,yes,no,yes,no,yes,yes,no,yes,no,yes,no,no,no,yes,no,no,no,no,yes,yes,yes,no,no,yes,no,yes,yes,no,no,no,no,no,no,yes,no,yes,no,yes,yes,no,no,no,no,yes,no,no,no,yes,no,no,no,yes,no,no,no,no,no,no,no,no,no,no,no
&And Hostel Hommachi-East,https://www.hostelworld.com/hosteldetails.php/-and-And-Hostel-Hommachi-East/Osaka/300500,Osaka,9.84,2.9,10,Superb,10,10,10,10,10,10,10,"['Free WiFi', 'Linen Included']","['Adaptors', 'Air Conditioning', 'Dryer', 'Elevator', 'Fridge/Freezer', 'Hair Dryers', 'Hot Showers', 'Meeting Rooms', 'Safe Deposit Box', 'Wheelchair Friendly']","['Laundry Facilities', 'Luggage Storage']",,['Wi-Fi'],34.68214,135.51201,no,no,no,yes,no,yes,no,no,no,no,no,no,no,no,no,yes,no,no,no,yes,no,no,yes,yes,no,no,no,yes,no,no,no,yes,no,no,no,yes,no,yes,yes,no,no,no,no,no,no,yes,no,no,no,yes,no,no,no,no,no,no,no,no,no,no,no,no,no,no,no,no,no,no,no,no,no,no,no,no,yes
Imano Osaka Shinsaibashi Hostel,https://www.hostelworld.com/hosteldetails.php/Imano-Osaka-Shinsaibashi-Hostel/Osaka/294059,Osaka,18.05,3.8,8,Fabulous,8,8,8,8,8,8,8,,['Follows Covid-19 sanitation guidance'],,,,34.67287,135.49501,no,no,no,no,no,no,no,no,no,no,no,no,no,no,no,no,no,no,no,no,no,no,no,no,yes,no,no,no,no,no,no,no,no,no,no,no,no,no,no,no,no,no,no,no,no,no,no,no,no,no,no,no,no,no,no,no,no,no,no,no,no,no,no,no,no,no,no,no,no,no,no,no,no,no,no
Osaka Guesthouse Hive,https://www.hostelworld.com/hosteldetails.php/Osaka-Guesthouse-Hive/Osaka/264049,Osaka,18.87,1.3,6.7,Good,8,7.3,8,6.7,5.3,5.3,6,"['Free Breakfast', 'Free City Maps', 'Free Internet Access', 'Free WiFi', 'Linen Included']","['Adaptors', 'Air Conditioning', 'Bicycle Parking', 'Common Room', 'Cooker', 'Dryer', 'Elevator', 'Fridge/Freezer', 'Hair Dryers', 'Hair Dryers For Hire', 'Hot Showers', 'Iron / Ironing Board', 'Microwave', 'Outdoor Terrace', 'Reading Light', 'Safe Deposit Box', 'Security Lockers', 'Self-Catering Facilities', 'Towels Not Included', 'Washing Machine']","['24 Hour Security', 'Bicycle Hire', 'Fax Service', 'Housekeeping', 'Internet Access', 'Laundry Facilities', 'Luggage Storage', 'Reception (limited hours)', 'Towels for hire']","['Tea & Coffee Making Facilities', 'Vending Machines']","['PlayStation', 'Wi-Fi']",34.70218,135.48943,yes,no,yes,yes,no,yes,yes,no,no,yes,yes,no,yes,yes,no,no,yes,yes,no,yes,no,yes,yes,yes,no,yes,no,no,no,yes,yes,yes,yes,no,no,yes,no,yes,yes,no,no,no,no,no,yes,yes,yes,no,no,yes,yes,no,no,no,no,yes,no,no,yes,yes,no,yes,no,no,no,no,yes,no,no,no,no,yes,no,no,yes
The Pax Hostel/Records/More,https://www.hostelworld.com/hosteldetails.php/The-Pax-Hostel-Records-More/Osaka/270406,Osaka,18.87,6,10,Superb,10,10,10,10,10,10,10,"['Free City Maps', 'Free Internet Access', 'Free WiFi', 'Linen Included']","['Adaptors', 'Air Conditioning', 'Breakfast Not Included', 'Card Phones', 'Common Room', 'Cooker', 'Dryer', 'Fridge/Freezer', 'Hair Dryers', 'Hair Dryers For Hire', 'Hot Showers', 'Iron / Ironing Board', 'Microwave', 'Reading Light', 'Safe Deposit Box', 'Self-Catering Facilities', 'Utensils', 'Washing Machine']","['Bicycle Hire', 'Housekeeping', 'Internet Access', 'Late check-out', 'Luggage Storage', 'Reception (limited hours)', 'Towels for hire']","['Bar', 'Cafe', 'Tea & Coffee Making Facilities']",,34.65266,135.50543,no,no,yes,yes,no,yes,yes,no,no,no,yes,yes,yes,yes,yes,no,yes,yes,no,yes,no,no,yes,no,no,yes,no,no,no,no,yes,yes,yes,no,no,yes,no,yes,yes,no,no,no,no,no,yes,no,no,yes,no,yes,yes,no,no,no,no,no,no,no,yes,yes,no,yes,no,yes,no,no,no,no,no,no,no,no,no,no,no
Hostel Mitsuwaya Osaka,https://www.hostelworld.com/hosteldetails.php/Hostel-Mitsuwaya-Osaka/Osaka/265633,Osaka,26.25,4.1,10,Superb,10,10,10,10,10,10,10,"['Free City Maps', 'Free WiFi', 'Linen Included']","['Adaptors', 'Air Conditioning', 'Bicycle Parking', 'Book Exchange', 'Breakfast Not Included', 'Common Room', 'Cooker', 'Dryer', 'Fridge/Freezer', 'Hair Dryers', 'Hair Dryers For Hire', 'Hot Showers', 'Iron / Ironing Board', 'Microwave', 'Outdoor Terrace', 'Reading Light', 'Safe Deposit Box', 'Security Lockers', 'Self-Catering Facilities', 'Utensils', 'Washing Machine']","['24 Hour Security', 'Bicycle Hire', 'Housekeeping', 'Internet Access', 'Laundry Facilities', 'Luggage Storage', 'Towels for hire']","['Tea & Coffee Making Facilities', 'Vending Machines']","['Board Games', 'Wi-Fi']",34.67112,135.51147,no,no,yes,yes,no,yes,no,no,no,yes,yes,no,yes,yes,yes,no,yes,yes,no,yes,no,yes,yes,no,no,yes,no,no,no,yes,yes,yes,yes,no,yes,yes,no,yes,yes,no,no,no,no,no,yes,yes,yes,no,no,yes,no,no,no,no,no,no,no,no,yes,yes,no,yes,no,no,no,no,yes,no,no,no,no,no,yes,no,yes
The Stay Osaka Shinsaibashi,https://www.hostelworld.com/hosteldetails.php/The-Stay-Osaka-Shinsaibashi/Osaka/299208,Osaka,13.62,3.7,9,Superb,8.7,8,10,9.3,8.7,8.7,9.3,"['Free City Maps', 'Free Internet Access', 'Free WiFi', 'Linen Included', 'Towels Included']","['Air Conditioning', 'Breakfast Not Included', 'Common Room', 'Cooker', 'Dryer', 'Elevator', 'Fridge/Freezer', 'Hair Dryers', 'Hot Showers', 'Key Card Access', 'Microwave', 'Reading Light', 'Security Lockers', 'Towels Not Included', 'Washing Machine']","['Internet Access', 'Luggage Storage', 'Reception (limited hours)', 'Towels for hire']","['Bar', 'Tea & Coffee Making Facilities', 'Vending Machines']","['Board Games', 'Wi-Fi']",34.67331,135.50767,no,no,yes,yes,no,yes,yes,yes,no,no,yes,no,no,no,no,no,yes,yes,no,yes,no,yes,no,yes,no,yes,no,no,no,no,yes,no,no,yes,no,yes,no,yes,yes,no,no,no,no,no,no,no,no,no,no,yes,yes,no,no,no,no,no,no,no,no,yes,no,yes,no,yes,no,no,yes,no,no,no,no,no,yes,no,yes
Shin-Osaka Tomato Guest House,https://www.hostelworld.com/hosteldetails.php/Shin-Osaka-Tomato-Guest-House/Osaka/78230,Osaka,11.9,1.9,8.6,Fabulous,10,10,8,8,8,8,8,"['Free WiFi', 'Linen Included']","['Adaptors', 'Air Conditioning', 'Bicycle Parking', 'Breakfast Not Included', 'Common Room', 'Hair Dryers', 'Hair Dryers For Hire', 'Hot Showers', 'Self-Catering Facilities', 'Washing Machine']","['24 Hour Security', 'Laundry Facilities', 'Towels for hire']",,,34.72298,135.49593,no,no,no,yes,no,yes,no,no,no,no,yes,no,no,yes,no,no,yes,no,no,yes,no,no,yes,no,no,no,no,no,no,yes,no,no,yes,no,no,no,no,yes,no,no,no,no,no,no,no,yes,yes,no,no,no,no,no,no,no,no,no,no,no,no,no,no,no,no,no,no,no,no,no,no,no,no,no,no,no,no
J-Hoppers Osaka Universal,https://www.hostelworld.com/hosteldetails.php/J-Hoppers-Osaka-Universal/Osaka/264538,Osaka,20.3,6.4,10,Superb,10,10,10,10,10,10,10,"['Free City Maps', 'Free Internet Access', 'Free WiFi', 'Linen Included']","['Adaptors', 'Air Conditioning', 'Bicycle Parking', 'Book Exchange', 'Breakfast Not Included', ""Children's Play Area"", 'Common Room', 'Cooker', 'Dryer', 'Fridge/Freezer', 'Hair Dryers', 'Hair Dryers For Hire', 'Hot Showers', 'Iron / Ironing Board', 'Outdoor Terrace', 'Parking', 'Reading Light', 'Safe Deposit Box', 'Security Lockers', 'Self-Catering Facilities', 'Towels Not Included', 'Utensils', 'Washing Machine']","['24 Hour Security', 'Bicycle Hire', 'Fax Service', 'Internet Access', 'Laundry Facilities', 'Luggage Storage', 'Reception (limited hours)', 'Towels for hire']","['Tea & Coffee Making Facilities', 'Vending Machines']","['Board Games', 'Wi-Fi']",34.67668,135.44155,no,no,yes,yes,no,yes,yes,no,no,yes,yes,no,yes,yes,yes,no,yes,yes,no,yes,no,yes,yes,no,no,no,no,no,no,yes,yes,yes,yes,no,yes,yes,no,yes,yes,yes,no,yes,no,no,no,yes,yes,no,no,yes,yes,no,no,no,no,yes,no,no,yes,yes,no,yes,no,no,no,no,yes,no,no,no,no,no,yes,no,yes
Qoo Hostel Osaka,https://www.hostelworld.com/hosteldetails.php/Qoo-Hostel-Osaka/Osaka/293350,Osaka,12.31,5.5,7.9,Very good,8.7,8,8.7,8,8,6.7,7.3,"['Free Internet Access', 'Free WiFi', 'Linen Included']","[""Children's Play Area"", 'Common Room', 'Cooker', 'Elevator', 'Fridge/Freezer', 'Hair Dryers For Hire', 'Hot Showers', 'Iron / Ironing Board', 'Key Card Access', 'Security Lockers', 'Utensils', 'Washing Machine']","['24 Hour Security', 'Bicycle Hire', 'Fax Service', 'Laundry Facilities', 'Reception (limited hours)']",['Bar'],"['Games Room', 'Wi-Fi']",34.65702,135.50542,no,no,no,yes,no,yes,yes,no,no,no,yes,no,yes,yes,yes,no,yes,no,no,no,no,yes,no,yes,no,no,no,no,no,no,yes,no,no,yes,no,yes,no,yes,no,no,no,yes,no,no,no,yes,yes,no,no,no,yes,no,no,no,no,yes,no,no,yes,no,no,no,no,yes,no,no,no,yes,no,no,no,no,no,no,yes
Beehive Hostel Osaka,https://www.hostelworld.com/hosteldetails.php/Beehive-Hostel-Osaka/Osaka/265783,Osaka,23.79,3.4,10,Superb,10,10,10,10,10,10,10,"['Free Breakfast', 'Free City Maps', 'Free Internet Access', 'Free WiFi', 'Linen Included']","['Adaptors', 'Air Conditioning', 'Bicycle Parking', 'Common Room', 'Cooker', 'Dryer', 'Elevator', 'Fridge/Freezer', 'Hair Dryers', 'Hot Showers', 'Microwave', 'Outdoor Terrace', 'Reading Light', 'Security Lockers', 'Self-Catering Facilities', 'Utensils', 'Washing Machine']","['Bicycle Hire', 'Housekeeping', 'Internet Access', 'Late check-out', 'Laundry Facilities', 'Luggage Storage', 'Postal Service', 'Reception (limited hours)', 'Towels for hire']","['Tea & Coffee Making Facilities', 'Vending Machines']","['Board Games', 'Wi-Fi']",34.67691,135.50843,yes,no,yes,yes,no,yes,yes,no,no,yes,yes,no,no,no,yes,no,yes,yes,no,yes,no,yes,yes,yes,no,yes,no,no,no,yes,yes,no,yes,no,no,yes,no,yes,yes,no,no,no,no,no,yes,yes,no,yes,no,yes,yes,no,no,no,no,no,no,yes,yes,yes,no,yes,no,no,no,no,yes,no,no,no,no,no,yes,no,yes
Mad Cat Hostel Osaka & Bar,https://www.hostelworld.com/hosteldetails.php/Mad-Cat-Hostel-Osaka-and-Bar/Osaka/299246,Osaka,14.36,8,10,Superb,10,10,10,10,10,10,10,['Free WiFi'],"['Air Conditioning', 'Breakfast Not Included', 'Ceiling Fan', 'Common Room', 'Dryer', 'Fridge/Freezer', 'Hair Dryers', 'Hot Showers', 'Microwave', 'Reading Light', 'Security Lockers', 'Towels Not Included', 'Utensils', 'Washing Machine']","['Laundry Facilities', 'Luggage Storage', 'Reception (limited hours)', 'Towels for hire']",['Bar'],['Wi-Fi'],34.63473,135.51023,no,no,no,yes,no,no,no,no,no,no,yes,no,no,no,yes,no,yes,yes,no,yes,no,yes,no,no,no,yes,yes,no,no,no,no,no,no,no,no,yes,no,yes,yes,no,no,no,no,no,no,yes,no,no,no,yes,yes,no,no,no,no,no,no,no,no,no,no,no,no,yes,no,no,no,no,no,no,no,no,no,no,yes
Guesthouse U-En,https://www.hostelworld.com/hosteldetails.php/Guesthouse-U-En/Osaka/82892,Osaka,18.87,2,9.4,Superb,10,8,10,10,10,10,8,"['Free City Maps', 'Free Internet Access', 'Free WiFi', 'Linen Included']","['Adaptors', 'Air Conditioning', 'Bicycle Parking', 'Breakfast Not Included', 'Common Room', 'Hair Dryers', 'Hair Dryers For Hire', 'Hot Showers', 'Reading Light', 'Security Lockers', 'Self-Catering Facilities', 'Washing Machine']","['24 Hour Security', 'Bicycle Hire', 'Internet Access', 'Laundry Facilities', 'Luggage Storage', 'Tours/Travel Desk', 'Towels for hire']","['Bar', 'Cafe', 'Meals Available', 'Restaurant', 'Tea & Coffee Making Facilities']",,34.69463,135.48646,no,no,yes,yes,no,yes,yes,no,no,no,yes,no,no,yes,no,no,yes,yes,no,yes,no,yes,yes,no,no,no,no,no,no,yes,no,no,yes,no,no,no,no,yes,no,no,no,no,no,no,no,yes,yes,no,no,yes,no,yes,no,no,no,no,no,no,yes,yes,no,yes,no,yes,yes,yes,no,no,no,no,no,no,no,no,no
Air Osaka Hostel,https://www.hostelworld.com/hosteldetails.php/Air-Osaka-Hostel/Osaka/96425,Osaka,13.13,9.7,9.6,Superb,10,9.5,9.5,10,10,9.5,9,"['Free City Maps', 'Free Internet Access', 'Free WiFi', 'Linen Included']","['Adaptors', 'Air Conditioning', 'Bicycle Parking', 'Book Exchange', 'Common Room', 'Cooker', 'Fridge/Freezer', 'Hair Dryers', 'Hot Showers', 'Hot Tub', 'Jobs Board', 'Microwave', 'Outdoor Terrace', 'Reading Light', 'Safe Deposit Box', 'Security Lockers', 'Self-Catering Facilities', 'Utensils', 'Washing Machine']","['24 Hour Security', 'Bicycle Hire', 'Express check-in / out', 'Fax Service', 'Housekeeping', 'Internet Access', 'Late check-out', 'Laundry Facilities', 'Luggage Storage', 'Reception (limited hours)', 'Towels for hire']","['Bar', 'Cafe', 'Meals Available', 'Tea & Coffee Making Facilities']","['Board Games', 'Wi-Fi']",34.62093,135.47598,no,no,yes,yes,no,yes,yes,no,no,yes,yes,no,no,no,yes,no,yes,yes,no,yes,yes,yes,yes,no,no,yes,no,no,no,yes,yes,yes,yes,no,yes,yes,no,yes,no,no,no,no,no,yes,yes,yes,yes,yes,yes,yes,yes,no,no,no,no,yes,no,no,yes,yes,no,yes,no,yes,no,yes,no,no,no,no,no,no,yes,no,yes
Khaosan World Tennoji Hostel,https://www.hostelworld.com/hosteldetails.php/Khaosan-World-Tennoji-Hostel/Osaka/275476,Osaka,18.87,6.6,8.8,Fabulous,9.3,9.3,8,9.3,7.3,9.3,8.7,"['Free City Maps', 'Free Internet Access', 'Free WiFi', 'Linen Included', 'Towels Included']","['Adaptors', 'Air Conditioning', 'Card Phones', 'Common Room', 'Cooker', 'Dryer', 'Elevator', 'Follows Covid-19 sanitation guidance', 'Fridge/Freezer', 'Hair Dryers', 'Hot Showers', 'Key Card Access', 'Microwave', 'Parking', 'Safe Deposit Box', 'Security Lockers', 'Self-Catering Facilities', 'Utensils', 'Washing Machine']","['24 Hour Security', 'Internet Access', 'Late check-out', 'Laundry Facilities', 'Luggage Storage', 'Reception (limited hours)']","['Tea & Coffee Making Facilities', 'Vending Machines']","['Board Games', 'Wi-Fi']",34.64927,135.51692,no,no,yes,yes,no,yes,yes,yes,no,no,yes,yes,no,no,yes,no,yes,no,no,yes,no,yes,yes,yes,yes,yes,no,no,no,no,yes,yes,yes,yes,no,yes,no,yes,yes,yes,no,no,no,no,no,yes,yes,yes,no,yes,yes,no,no,no,no,no,no,no,no,yes,no,yes,no,no,no,no,yes,no,no,no,no,no,yes,no,yes
Guest House Matsu,https://www.hostelworld.com/hosteldetails.php/Guest-House-Matsu/Osaka/277737,Osaka,15.59,7.4,10,Superb,10,10,10,10,10,10,10,"['Free Internet Access', 'Free WiFi', 'Linen Included']","['Air Conditioning', 'Bicycle Parking', 'Breakfast Not Included', 'Common Room', 'Cooker', 'Fridge/Freezer', 'Hair Dryers', 'Hot Showers', 'Iron / Ironing Board', 'Microwave', 'Outdoor Terrace', 'Safe Deposit Box', 'Security Lockers', 'Self-Catering Facilities', 'Towels Not Included', 'Utensils']","['Bicycle Hire', 'Housekeeping', 'Internet Access', 'Luggage Storage', 'Reception (limited hours)', 'Towels for hire']","['Bar', 'Cafe', 'Tea & Coffee Making Facilities']","['Wi-Fi', 'Wii']",34.64064,135.49512,no,no,no,yes,no,yes,yes,no,no,yes,no,no,yes,no,yes,no,yes,no,no,yes,no,yes,no,no,no,yes,no,no,no,yes,yes,yes,yes,no,no,yes,no,yes,no,no,no,no,no,no,yes,no,no,no,no,yes,yes,no,no,no,no,no,no,no,yes,yes,no,yes,no,yes,no,no,no,no,no,no,no,no,no,yes,yes
Santiago Guesthouse Hiroshima,https://www.hostelworld.com/hosteldetails.php/Santiago-Guesthouse-Hiroshima/Hiroshima/100757,Hiroshima,16.41,0.7,9.4,Superb,10,8.8,9.8,9.2,9.4,8.8,9.6,"['Free City Maps', 'Free Internet Access', 'Free WiFi', 'Linen Included']","['Air Conditioning', 'Breakfast Not Included', 'Common Room', 'Dryer', 'Elevator', 'Fridge/Freezer', 'Hair Dryers', 'Microwave', 'Outdoor Terrace', 'Reading Light', 'Safe Deposit Box', 'Security Lockers', 'Self-Catering Facilities', 'Towels Not Included', 'Utensils', 'Washing Machine']","['Housekeeping', 'Laundry Facilities', 'Luggage Storage', 'Reception (limited hours)', 'Towels for hire']",,['Wi-Fi'],34.39024,132.46095,no,no,yes,yes,no,yes,yes,no,no,yes,yes,no,no,no,yes,no,yes,yes,no,yes,no,yes,no,yes,no,yes,no,no,no,no,no,yes,yes,no,no,yes,no,no,yes,no,no,no,no,no,yes,yes,no,no,no,yes,yes,no,no,no,no,no,no,no,no,no,no,no,no,no,no,no,no,no,no,no,no,no,no,no,yes
WeBase Hiroshima,https://www.hostelworld.com/hosteldetails.php/WeBase-Hiroshima/Hiroshima/302094,Hiroshima,22.15,0.7,9.4,Superb,10,10,10,8,8,10,10,['Free WiFi'],"['Air Conditioning', 'Breakfast Not Included', 'Common Room', 'Dryer', 'Elevator', 'Fridge/Freezer', 'Hair Dryers', 'Hot Showers', 'Iron / Ironing Board', 'Washing Machine']",['24 Hour Reception'],,['Wi-Fi'],34.38986,132.45795,no,no,no,yes,no,no,no,no,no,no,yes,no,yes,no,no,no,yes,no,no,yes,no,no,no,yes,no,no,no,no,no,no,no,no,no,no,no,yes,no,yes,yes,no,no,no,no,no,no,no,no,no,no,no,no,no,no,no,no,no,yes,no,no,no,no,no,no,no,no,no,no,no,no,no,no,no,no,no,yes
Akicafe Inn Guesthouse,https://www.hostelworld.com/hosteldetails.php/Akicafe-Inn-Guesthouse/Hiroshima/71655,Hiroshima,16.41,2.2,8.7,Fabulous,8.7,8.7,8.7,8.7,8,9.3,8.7,"['Free City Maps', 'Free WiFi']","['Air Conditioning', 'Breakfast Not Included', 'Cable TV', 'Ceiling Fan', 'Common Room', 'Cooker', 'Fridge/Freezer', 'Hair Dryers', 'Hot Showers', 'Iron / Ironing Board', 'Microwave', 'Reading Light', 'Safe Deposit Box', 'Utensils', 'Washing Machine']","['Bicycle Hire', 'Laundry Facilities', 'Luggage Storage', 'Reception (limited hours)', 'Tours/Travel Desk', 'Towels for hire']","['Bar', 'Cafe', 'Meals Available']",,34.39504,132.4767,no,no,yes,yes,no,no,no,no,no,no,yes,no,yes,no,yes,no,yes,yes,yes,yes,no,no,no,no,no,yes,yes,no,no,no,yes,yes,no,no,no,yes,no,yes,no,no,no,no,no,no,no,yes,no,no,no,yes,yes,yes,no,no,no,no,no,no,yes,no,no,no,no,yes,no,yes,no,no,no,no,no,no,no,no,no
Hiroshima Hostel EN,https://www.hostelworld.com/hosteldetails.php/Hiroshima-Hostel-EN/Hiroshima/278400,Hiroshima,24.61,1.5,10,Superb,10,10,10,10,10,10,10,"['Free City Maps', 'Free Internet Access', 'Free WiFi', 'Linen Included']","['Air Conditioning', 'Breakfast Not Included', 'Common Room', 'Dryer', 'Fridge/Freezer', 'Hair Dryers', 'Hot Showers', 'Reading Light', 'Safe Deposit Box', 'Security Lockers', 'Washing Machine']","['Housekeeping', 'Internet Access', 'Laundry Facilities', 'Luggage Storage', 'Reception (limited hours)', 'Towels for hire']","['Bar', 'Meals Available']",['Wi-Fi'],34.40702,132.45039,no,no,yes,yes,no,yes,yes,no,no,no,yes,no,no,no,no,no,yes,yes,no,yes,no,yes,no,no,no,no,no,no,no,no,no,yes,no,no,no,yes,no,yes,yes,no,no,no,no,no,yes,yes,no,no,no,yes,yes,no,no,no,no,no,no,no,no,yes,no,no,no,yes,no,yes,no,no,no,no,no,no,no,no,yes
The Evergreen Hostel,https://www.hostelworld.com/hosteldetails.php/The-Evergreen-Hostel/Hiroshima/267883,Hiroshima,16.41,1.5,9.7,Superb,10,10,10,10,8,10,10,"['Free City Maps', 'Free WiFi', 'Linen Included']","['Air Conditioning', 'Breakfast Not Included', 'Common Room', 'Cooker', 'Elevator', 'Fridge/Freezer', 'Hair Dryers', 'Hair Dryers For Hire', 'Hot Showers', 'Key Card Access', 'Microwave', 'Parking', 'Safe Deposit Box', 'Security Lockers', 'Self-Catering Facilities', 'Utensils', 'Washing Machine']","['Housekeeping', 'Internet Access', 'Laundry Facilities', 'Luggage Storage', 'Tours/Travel Desk', 'Towels for hire']","['Cafe', 'Tea & Coffee Making Facilities', 'Vending Machines']","['Foosball', 'Wi-Fi']",34.39666,132.44968,no,no,yes,yes,no,yes,no,no,no,no,yes,no,no,yes,yes,no,yes,no,no,yes,no,yes,no,yes,no,yes,no,no,no,no,yes,yes,yes,yes,no,yes,no,yes,no,yes,no,no,no,no,yes,yes,no,no,no,yes,no,yes,no,no,no,no,no,no,no,yes,no,yes,no,no,no,no,yes,no,no,yes,no,no,no,no,yes
Common de Hostel & Bar,https://www.hostelworld.com/hosteldetails.php/Common-de-Hostel-and-Bar/Fukuoka/285851,Fukuoka,18.05,0.8,8.7,Fabulous,9.2,7.6,8.8,9.2,8.8,9.2,8.4,"['Free Internet Access', 'Free WiFi', 'Linen Included']","['Air Conditioning', 'Breakfast Not Included', 'Cooker', 'Fridge/Freezer', 'Hair Dryers', 'Hot Showers', 'Hot Tub', 'Microwave', 'Parking', 'Utensils']","['24 Hour Reception', '24 Hour Security', 'Bicycle Hire', 'Housekeeping', 'Internet Access', 'Luggage Storage']","['Bar', 'Cafe', 'Tea & Coffee Making Facilities']",['Wii'],33.59769,130.40334,no,no,no,yes,no,yes,yes,no,no,no,no,no,no,no,yes,no,no,no,no,yes,no,no,no,no,no,yes,no,no,no,no,yes,no,no,no,no,yes,no,yes,no,yes,no,no,no,yes,yes,no,yes,no,no,yes,no,no,no,no,no,no,yes,no,yes,yes,no,yes,no,yes,no,no,no,no,no,no,no,no,no,yes,no
HafH Fukuoka THE LIFE,https://www.hostelworld.com/hosteldetails.php/HafH-Fukuoka-THE-LIFE/Fukuoka/276460,Fukuoka,19.53,1.1,9.3,Superb,10,8,10,9,8,10,10,"['Free City Maps', 'Free WiFi', 'Linen Included']","['Adaptors', 'Air Conditioning', 'Bicycle Parking', 'Common Room', 'Cooker', 'Dryer', 'Fridge/Freezer', 'Hair Dryers', 'Hot Showers', 'Microwave', 'Reading Light', 'Safe Deposit Box', 'Security Lockers', 'Self-Catering Facilities', 'Towels Not Included', 'Utensils', 'Washing Machine']","['Bicycle Hire', 'Internet Access', 'Laundry Facilities', 'Luggage Storage', 'Reception (limited hours)', 'Towels for hire']","['Bar', 'Cafe', 'Meals Available', 'Restaurant']",['Wi-Fi'],33.58599,130.42264,no,no,yes,yes,no,yes,no,no,no,no,yes,no,no,no,yes,no,yes,yes,no,yes,no,yes,yes,no,no,yes,no,no,no,yes,yes,yes,yes,no,no,yes,no,yes,yes,no,no,no,no,no,no,yes,no,no,no,yes,yes,no,no,no,no,no,no,no,yes,yes,no,no,no,yes,yes,yes,no,no,no,no,no,no,no,no,yes
UNPLAN Fukuoka,https://www.hostelworld.com/hosteldetails.php/UNPLAN-Fukuoka/Fukuoka/310474,Fukuoka,13.33,1.8,10,Superb,10,10,10,10,10,10,10,"['Free Breakfast', 'Free Internet Access', 'Free WiFi', 'Linen Included']","['Air Conditioning', 'Common Room', 'Cooker', 'Dryer', 'Elevator', 'Fridge/Freezer', 'Hair Dryers', 'Hair Dryers For Hire', 'Hot Showers', 'Iron / Ironing Board', 'Key Card Access', 'Microwave', 'Outdoor Terrace', 'Reading Light', 'Safe Deposit Box', 'Self-Catering Facilities', 'Utensils', 'Washing Machine']","['Internet Access', 'Laundry Facilities', 'Luggage Storage', 'Reception (limited hours)', 'Towels for hire']","['Cafe', 'Restaurant']","['Wi-Fi', 'Wii']",33.59038,130.37996,yes,no,no,yes,no,yes,yes,no,no,yes,yes,no,yes,yes,yes,no,yes,yes,no,yes,no,no,no,yes,no,yes,no,no,no,no,yes,yes,yes,yes,no,yes,no,yes,yes,no,no,no,no,no,no,yes,no,no,no,yes,yes,no,no,no,no,no,no,no,no,yes,no,no,no,no,yes,no,no,no,no,no,no,no,no,yes,yes
Fukuoka Guesthouse HIVE,https://www.hostelworld.com/hosteldetails.php/Fukuoka-Guesthouse-HIVE/Fukuoka/290680,Fukuoka,13.95,1.3,9,Superb,10,8,9,10,9,9,8,"['Free Breakfast', 'Free City Maps', 'Free Internet Access', 'Free WiFi', 'Linen Included']","['Adaptors', 'Air Conditioning', 'Bicycle Parking', 'Common Room', 'Cooker', 'Fridge/Freezer', 'Hair Dryers', 'Hot Showers', 'Microwave', 'Outdoor Terrace', 'Reading Light', 'Safe Deposit Box', 'Security Lockers', 'Utensils', 'Washing Machine']","['Bicycle Hire', 'Fax Service', 'Housekeeping', 'Internet Access', 'Late check-out', 'Laundry Facilities', 'Luggage Storage', 'Reception (limited hours)', 'Towels for hire']","['Bar', 'Cafe', 'Tea & Coffee Making Facilities']",['Wi-Fi'],33.59778,130.41172,yes,no,yes,yes,no,yes,yes,no,no,yes,yes,no,no,no,yes,no,yes,yes,no,yes,no,yes,yes,no,no,yes,no,no,no,yes,yes,yes,no,no,no,yes,no,yes,no,no,no,no,no,no,yes,yes,no,yes,no,yes,yes,no,no,no,no,yes,no,no,yes,yes,no,yes,no,yes,no,no,no,no,no,no,no,no,no,no,yes
Fukuoka Hana Hostel,https://www.hostelworld.com/hosteldetails.php/Fukuoka-Hana-Hostel/Fukuoka/71709,Fukuoka,20.51,1,9.1,Superb,10,10,10,8,8,8,10,"['Free City Maps', 'Free Internet Access', 'Free WiFi', 'Linen Included']","['Air Conditioning', 'Breakfast Not Included', 'Common Room', 'Hair Dryers', 'Hair Dryers For Hire', 'Hot Showers', 'Reading Light', 'Safe Deposit Box', 'Security Lockers', 'Self-Catering Facilities', 'Washing Machine']","['24 Hour Security', 'Bicycle Hire', 'Fax Service', 'Internet Access', 'Laundry Facilities', 'Luggage Storage', 'Towels for hire']","['Tea & Coffee Making Facilities', 'Vending Machines']",['Board Games'],33.59465,130.40871,no,no,yes,yes,no,yes,yes,no,no,no,yes,no,no,yes,no,no,yes,yes,no,yes,no,yes,no,no,no,no,no,no,no,no,no,yes,yes,no,no,no,no,yes,no,no,no,no,no,no,no,yes,yes,no,no,yes,no,no,no,no,no,yes,no,no,yes,yes,no,yes,no,no,no,no,yes,no,no,no,no,no,yes,no,no
WeBase HAKATA,https://www.hostelworld.com/hosteldetails.php/WeBase-HAKATA/Fukuoka/279321,Fukuoka,22.18,0.9,9.6,Superb,10,9,10,10,8,10,10,"['Free Breakfast', 'Free City Maps', 'Free Internet Access', 'Free WiFi', 'Linen Included', 'Towels Included']","['Adaptors', 'Air Conditioning', 'Cooker', 'Dryer', 'Elevator', 'Fridge/Freezer', 'Hair Dryers', 'Hot Showers', 'Iron / Ironing Board', 'Key Card Access', 'Meeting Rooms', 'Microwave', 'Outdoor Terrace', 'Parking', 'Reading Light', 'Security Lockers', 'Self-Catering Facilities', 'Utensils', 'Washing Machine']","['24 Hour Reception', '24 Hour Security', 'Bicycle Hire', 'Housekeeping', 'Internet Access', 'Laundry Facilities', 'Luggage Storage', 'Towels for hire']","['Tea & Coffee Making Facilities', 'Vending Machines']","['Board Games', 'Wi-Fi']",33.59591,130.40958,yes,no,yes,yes,no,yes,yes,yes,no,yes,yes,no,yes,no,yes,yes,no,yes,no,yes,no,yes,yes,yes,no,yes,no,no,no,no,yes,no,yes,yes,no,yes,no,yes,yes,yes,no,no,no,no,yes,yes,yes,no,no,yes,no,no,no,no,no,no,yes,no,yes,yes,no,yes,no,no,no,no,yes,no,no,no,no,no,yes,no,yes
Fukuoka Guesthouse SHIP,https://www.hostelworld.com/hosteldetails.php/Fukuoka-Guesthouse-SHIP/Fukuoka/306417,Fukuoka,12.31,1.5,10,Superb,10,10,10,10,10,10,10,"['Free Breakfast', 'Free City Maps', 'Free Internet Access', 'Free WiFi', 'Linen Included']","['Adaptors', 'Air Conditioning', 'Bicycle Parking', 'Common Room', 'Cooker', 'Fridge/Freezer', 'Hair Dryers', 'Hair Dryers For Hire', 'Hot Showers', 'Microwave', 'Outdoor Terrace', 'Reading Light', 'Safe Deposit Box', 'Security Lockers', 'Washing Machine']","['Bicycle Hire', 'Fax Service', 'Housekeeping', 'Internet Access', 'Internet café', 'Late check-out', 'Laundry Facilities', 'Luggage Storage', 'Reception (limited hours)', 'Towels for hire']","['Bar', 'Cafe', 'Tea & Coffee Making Facilities']",['Wi-Fi'],33.60275,130.40516,yes,no,yes,yes,no,yes,yes,no,no,yes,yes,no,no,yes,no,no,yes,yes,no,yes,no,yes,yes,no,no,yes,no,no,no,yes,yes,yes,no,no,no,yes,no,yes,no,no,no,no,no,no,yes,yes,no,yes,no,yes,yes,no,yes,no,no,yes,no,no,yes,yes,no,yes,no,yes,no,no,no,no,no,no,no,no,no,no,yes
Hostel TOKI,https://www.hostelworld.com/hosteldetails.php/Hostel-TOKI/Fukuoka/286150,Fukuoka,18.87,2.2,9.7,Superb,10,10,10,10,10,10,8,"['Free City Maps', 'Free Internet Access', 'Free WiFi', 'Linen Included']","['Adaptors', 'Air Conditioning', 'Bicycle Parking', 'Breakfast Not Included', 'Common Room', 'Dryer', 'Follows Covid-19 sanitation guidance', 'Fridge/Freezer', 'Hair Dryers', 'Hot Showers', 'Microwave', 'Reading Light', 'Safe Deposit Box', 'Towels Not Included', 'Washing Machine']","['Bicycle Hire', 'Housekeeping', 'Internet Access', 'Laundry Facilities', 'Luggage Storage', 'Reception (limited hours)', 'Tours/Travel Desk']","['Bar', 'Meals Available', 'Tea & Coffee Making Facilities', 'Vending Machines']","['Board Games', 'Wi-Fi']",33.58061,130.41918,no,no,yes,yes,no,yes,yes,no,no,no,yes,no,no,no,no,no,yes,yes,no,yes,no,no,yes,no,yes,yes,no,no,no,yes,no,yes,no,no,no,yes,no,yes,yes,no,no,no,no,no,yes,yes,no,no,no,yes,yes,yes,no,no,no,no,no,no,yes,yes,no,yes,no,yes,no,yes,yes,no,no,no,no,no,yes,no,yes
Dot Hostel&Bar,https://www.hostelworld.com/hosteldetails.php/Dot-Hostel-and-Bar/Mount-Fuji/302315,Mount Fuji,17.23,17.9,9.4,Superb,10,9,9,9,9,10,10,"['Free WiFi', 'Linen Included', 'Towels Included']","['Adaptors', 'Air Conditioning', 'BBQ', 'Breakfast Not Included', 'Common Room', 'Cooker', 'Fridge/Freezer', 'Hair Dryers', 'Hot Showers', 'Parking', 'Self-Catering Facilities', 'Utensils']","['Bicycle Hire', 'Internet Access', 'Laundry Facilities', 'Reception (limited hours)']","['Bar', 'Meals Available']","['Board Games', 'Wi-Fi']",35.52347,138.74386,no,no,no,yes,no,yes,no,yes,no,no,no,no,no,no,yes,no,yes,no,no,yes,no,no,yes,no,no,no,no,no,no,no,yes,no,yes,no,no,yes,no,yes,no,yes,yes,no,no,no,no,yes,no,no,no,no,yes,no,no,no,no,no,no,no,yes,yes,no,no,no,yes,no,yes,no,no,no,no,no,no,yes,no,yes
Mt. Fuji Hostel Michael's,https://www.hostelworld.com/hosteldetails.php/Mt-Fuji-Hostel-Michael-s/Mount-Fuji/44217,Mount Fuji,24.61,15.6,9.4,Superb,9,9,10,9,9,10,10,"['Free City Maps', 'Free Internet Access', 'Free Parking', 'Free WiFi', 'Linen Included']","['Adaptors', 'Air Conditioning', 'Book Exchange', 'Breakfast Not Included', 'Cable TV', 'Dryer', 'Fridge/Freezer', 'Hair Dryers', 'Hot Showers', 'Key Card Access', 'Microwave', 'Outdoor Terrace', 'Parking', 'Reading Light', 'Security Lockers', 'Towels Not Included', 'Washing Machine']","['Internet Access', 'Laundry Facilities', 'Luggage Storage', 'Reception (limited hours)', 'Towels for hire']","['Tea & Coffee Making Facilities', 'Vending Machines']",['Wi-Fi'],35.49085,138.80096,no,yes,yes,yes,no,yes,yes,no,no,yes,yes,no,no,no,no,no,no,yes,yes,yes,no,yes,yes,no,no,yes,no,no,no,no,no,no,no,yes,yes,yes,no,yes,yes,yes,no,no,no,no,no,yes,no,no,no,yes,yes,no,no,no,no,no,no,no,no,yes,no,yes,no,no,no,no,yes,no,no,no,no,no,no,no,yes
K's House Mt.Fuji,https://www.hostelworld.com/hosteldetails.php/K-s-House-Mt-Fuji/Mount-Fuji/20147,Mount Fuji,21.33,16.1,10,Superb,10,10,10,10,10,10,10,"['Free City Maps', 'Free Internet Access', 'Free WiFi', 'Linen Included']","['Adaptors', 'Air Conditioning', 'Bicycle Parking', 'Breakfast Not Included', 'Card Phones', 'Common Room', 'Hair Dryers', 'Hair Dryers For Hire', 'Hot Showers', 'Outdoor Terrace', 'Parking', 'Reading Light', 'Security Lockers', 'Self-Catering Facilities', 'Washing Machine']","['Bicycle Hire', 'Fax Service', 'Internet Access', 'Late check-out', 'Laundry Facilities', 'Luggage Storage', 'Reception (limited hours)', 'Tours/Travel Desk', 'Towels for hire']","['Tea & Coffee Making Facilities', 'Vending Machines']","['Board Games', ""DVD's""]",35.50577,138.76062,no,no,yes,yes,no,yes,yes,no,no,yes,yes,yes,no,yes,no,no,yes,yes,no,yes,no,yes,yes,no,no,no,no,no,no,yes,no,no,yes,no,no,no,no,yes,no,yes,no,no,no,no,no,yes,no,yes,no,yes,yes,yes,no,no,no,yes,no,no,yes,yes,no,yes,no,no,no,no,yes,no,no,no,yes,no,yes,no,no
14 Guest House Mt.Fuji,https://www.hostelworld.com/hosteldetails.php/14-Guest-House-Mt-Fuji/Mount-Fuji/300492,Mount Fuji,29.53,0.4,10,Superb,10,10,10,10,10,10,10,['Free WiFi'],"['Adaptors', 'Air Conditioning', 'Breakfast Not Included', 'Common Room', 'Cooker', 'Fridge/Freezer', 'Hair Dryers', 'Hot Showers', 'Meeting Rooms', 'Microwave', 'Outdoor Terrace', 'Parking', 'Reading Light', 'Security Lockers', 'Towels Not Included', 'Washing Machine']",,,,35.1399,138.71625,no,no,no,yes,no,no,no,no,no,yes,yes,no,no,no,no,yes,yes,yes,no,yes,no,yes,yes,no,no,yes,no,no,no,no,yes,no,no,no,no,yes,no,yes,no,yes,no,no,no,no,no,no,no,no,no,no,no,no,no,no,no,no,no,no,no,no,no,no,no,no,no,no,no,no,no,no,no,no,no,no,no
Irori Guest House Tenmaku,https://www.hostelworld.com/hosteldetails.php/Irori-Guest-House-Tenmaku/Hakone/290942,Hakone,28.71,3.3,10,Superb,10,10,10,10,10,10,10,"['Free Internet Access', 'Free Parking', 'Free WiFi', 'Linen Included', 'Towels Included']","['Air Conditioning', 'Breakfast Not Included', 'Common Room', 'Cooker', 'Dryer', 'Fridge/Freezer', 'Hair Dryers', 'Hair Dryers For Hire', 'Hot Showers', 'Microwave', 'Parking', 'Self-Catering Facilities', 'Utensils', 'Washing Machine']","['Internet Access', 'Laundry Facilities', 'Luggage Storage', 'Reception (limited hours)']",['Bar'],,35.24435,139.0503,no,yes,no,yes,no,yes,yes,yes,no,no,yes,no,no,yes,yes,no,yes,no,no,yes,no,no,no,no,no,yes,no,no,no,no,yes,no,yes,no,no,yes,no,yes,yes,yes,no,no,no,no,no,yes,no,no,no,yes,yes,no,no,no,no,no,no,no,no,yes,no,no,no,yes,no,no,no,no,no,no,no,no,no,no,no
Emblem Flow Hakone,https://www.hostelworld.com/hosteldetails.php/Emblem-Flow-Hakone/Hakone/293125,Hakone,20.76,3.6,9.2,Superb,10,8.7,9.3,9.3,9.3,8.7,9.3,"['Free City Maps', 'Free WiFi', 'Linen Included', 'Towels Included']","['Adaptors', 'Air Conditioning', 'Breakfast Not Included', 'Elevator', 'Hair Dryers', 'Meeting Rooms', 'Security Lockers']","['24 Hour Security', 'Housekeeping', 'Laundry Facilities', 'Luggage Storage', 'Reception (limited hours)']","['Bar', 'Cafe', 'Restaurant', 'Vending Machines']",['Wi-Fi'],35.25105,139.04774,no,no,yes,yes,no,yes,no,yes,no,no,no,no,no,no,no,yes,no,no,no,yes,no,yes,yes,yes,no,no,no,no,no,no,no,no,no,no,no,no,no,no,no,no,no,no,no,no,yes,yes,yes,no,no,yes,yes,no,no,no,no,no,no,no,no,no,no,no,no,yes,yes,no,yes,no,no,no,no,no,no,no,yes
Hakone Tent,https://www.hostelworld.com/hosteldetails.php/Hakone-Tent/Hakone/89021,Hakone,28.71,3.5,10,Superb,10,10,10,10,10,10,10,"['Free City Maps', 'Free Internet Access', 'Free Parking', 'Free WiFi', 'Linen Included']","['Adaptors', 'Bicycle Parking', 'Breakfast Not Included', 'Common Room', 'Hair Dryers', 'Hot Showers', 'Hot Tub', 'Outdoor Terrace', 'Parking', 'Security Lockers', 'Self-Catering Facilities', 'Washing Machine']","['Laundry Facilities', 'Luggage Storage', 'Towels for hire']","['Bar', 'Meals Available', 'Tea & Coffee Making Facilities']","[""DVD's""]",35.25131,139.04698,no,yes,yes,yes,no,yes,yes,no,no,yes,yes,no,no,no,no,no,yes,no,no,no,no,yes,yes,no,no,no,no,no,no,yes,no,no,yes,no,no,no,no,yes,no,yes,no,no,no,yes,no,yes,no,no,no,yes,no,no,no,no,no,no,no,no,no,no,no,yes,no,yes,no,yes,no,no,no,no,yes,no,no,no,no
K's House Hakone,https://www.hostelworld.com/hosteldetails.php/K-s-House-Hakone/Hakone/101516,Hakone,28.71,7,10,Superb,10,10,10,10,10,10,10,"['Free City Maps', 'Free Internet Access', 'Free WiFi', 'Linen Included']","['Adaptors', 'Air Conditioning', 'Breakfast Not Included', 'Ceiling Fan', 'Common Room', 'Cooker', 'Dryer', 'Elevator', 'Fridge/Freezer', 'Hair Dryers', 'Hot Showers', 'Hot Tub', 'Microwave', 'Outdoor Terrace', 'Reading Light', 'Self-Catering Facilities', 'Washing Machine']","['Internet Access', 'Laundry Facilities', 'Luggage Storage', 'Reception (limited hours)', 'Towels for hire']","['Tea & Coffee Making Facilities', 'Vending Machines']","['Board Games', 'Wi-Fi']",35.22377,139.08938,no,no,yes,yes,no,yes,yes,no,no,yes,yes,no,no,no,no,no,yes,yes,no,yes,no,no,yes,yes,no,yes,yes,no,no,no,yes,no,yes,no,no,yes,no,yes,yes,no,no,no,no,yes,no,yes,no,no,no,yes,yes,no,no,no,no,no,no,no,no,yes,no,yes,no,no,no,no,yes,no,no,no,no,no,yes,no,yes
